{
    "metrics": {
        "http_req_failed": {
            "passes": 0,
            "fails": 1160,
            "thresholds": {
                "rate<0.01": false
            },
            "value": 0
        },
        "http_req_connecting": {
            "avg": 0.019396238793103444,
            "min": 0,
            "med": 0,
            "max": 1.286764,
            "p(90)": 0,
            "p(95)": 0,
            "p(99)": 0.6563488800000004
        },
        "data_received": {
            "count": 3649636,
            "rate": 116581.6219023618
        },
        "http_req_blocked": {
            "med": 0.0074129999999999995,
            "max": 3.066459,
            "p(90)": 0.013612700000000033,
            "p(95)": 0.049988899999999996,
            "p(99)": 1.0315185300000038,
            "avg": 0.04213514913793109,
            "min": 0.002564
        },
        "http_req_sending": {
            "med": 0.029444,
            "max": 3.623379,
            "p(90)": 0.11462520000000005,
            "p(95)": 0.23417019999999997,
            "p(99)": 0.5842325300000026,
            "avg": 0.06589466034482758,
            "min": 0.00848
        },
        "http_req_receiving": {
            "med": 0.073104,
            "max": 1.900962,
            "p(90)": 0.15623720000000005,
            "p(95)": 0.21318489999999993,
            "p(99)": 0.64163197,
            "avg": 0.1005198336206897,
            "min": 0.018867
        },
        "vus": {
            "value": 20,
            "min": 20,
            "max": 50
        },
        "data_sent": {
            "count": 737667,
            "rate": 23563.55956699504
        },
        "http_req_duration": {
            "med": 321.7161,
            "max": 1158.734296,
            "p(90)": 464.1458615,
            "p(95)": 495.2585381499992,
            "p(99)": 853.9100860700017,
            "avg": 321.68901800344935,
            "min": 17.651253,
            "thresholds": {
                "p(95)<2000": false
            }
        },
        "operation_requests": {
            "count": 1160,
            "rate": 37.054292923113344
        },
        "checks": {
            "passes": 3480,
            "fails": 0,
            "value": 1
        },
        "vus_max": {
            "value": 50,
            "min": 50,
            "max": 50
        },
        "http_req_tls_handshaking": {
            "max": 0,
            "p(90)": 0,
            "p(95)": 0,
            "p(99)": 0,
            "avg": 0,
            "min": 0,
            "med": 0
        },
        "operation_bytes": {
            "count": 3502407,
            "rate": 111878.63354651952
        },
        "http_req_waiting": {
            "avg": 321.5226035094828,
            "min": 17.545721,
            "med": 321.653949,
            "max": 1158.545911,
            "p(90)": 463.43527570000003,
            "p(95)": 495.1310308499992,
            "p(99)": 853.6933584300018
        },
        "iteration_duration": {
            "avg": 1323.0889136206895,
            "min": 1019.291706,
            "med": 1322.5376179999998,
            "max": 2160.734188,
            "p(90)": 1465.4350528999998,
            "p(95)": 1496.354218399999,
            "p(99)": 1855.8177889400017
        },
        "http_reqs": {
            "count": 1160,
            "rate": 37.054292923113344
        },
        "iterations": {
            "count": 1160,
            "rate": 37.054292923113344
        },
        "operation_success": {
            "passes": 1160,
            "fails": 0,
            "thresholds": {
                "rate>0.99": false
            },
            "value": 1
        },
        "http_req_duration{expected_response:true}": {
            "avg": 321.68901800344935,
            "min": 17.651253,
            "med": 321.7161,
            "max": 1158.734296,
            "p(90)": 464.1458615,
            "p(95)": 495.2585381499992,
            "p(99)": 853.9100860700017
        },
        "operation_duration": {
            "max": 1158.734296,
            "p(90)": 464.1458615,
            "p(95)": 495.2585381499992,
            "p(99)": 853.9100860700017,
            "avg": 321.68901800344935,
            "min": 17.651253,
            "med": 321.7161
        }
    },
    "root_group": {
        "name": "",
        "path": "",
        "id": "d41d8cd98f00b204e9800998ecf8427e",
        "groups": {},
        "checks": {
                "status is 200": {
                    "passes": 1160,
                    "fails": 0,
                    "name": "status is 200",
                    "path": "::status is 200",
                    "id": "6210a8cd14cd70477eba5c5e4cb3fb5f"
                },
                "graphql has no errors": {
                    "path": "::graphql has no errors",
                    "id": "a51792f93b5c8e532ce92a5e740eaace",
                    "passes": 1160,
                    "fails": 0,
                    "name": "graphql has no errors"
                },
                "customer orders is an array": {
                    "fails": 0,
                    "name": "customer orders is an array",
                    "path": "::customer orders is an array",
                    "id": "2a5eec50bd56aa7c6b1f1542987c83ac",
                    "passes": 1160
                }
            }
    }
}