{
    "root_group": {
        "name": "",
        "path": "",
        "id": "d41d8cd98f00b204e9800998ecf8427e",
        "groups": {},
        "checks": {
                "status is 200": {
                    "path": "::status is 200",
                    "id": "6210a8cd14cd70477eba5c5e4cb3fb5f",
                    "passes": 292,
                    "fails": 0,
                    "name": "status is 200"
                },
                "graphql has no errors": {
                    "fails": 0,
                    "name": "graphql has no errors",
                    "path": "::graphql has no errors",
                    "id": "a51792f93b5c8e532ce92a5e740eaace",
                    "passes": 292
                },
                "order has items": {
                    "id": "2f70d417f4219645a0a93a98efade30e",
                    "passes": 292,
                    "fails": 0,
                    "name": "order has items",
                    "path": "::order has items"
                }
            }
    },
    "metrics": {
        "data_sent": {
            "count": 176888,
            "rate": 5717.056259986777
        },
        "http_req_failed": {
            "passes": 0,
            "fails": 292,
            "thresholds": {
                "rate<0.01": false
            },
            "value": 0
        },
        "http_req_tls_handshaking": {
            "med": 0,
            "max": 0,
            "p(90)": 0,
            "p(95)": 0,
            "p(99)": 0,
            "avg": 0,
            "min": 0
        },
        "operation_duration": {
            "p(95)": 85.02038279999991,
            "p(99)": 165.43080563999925,
            "avg": 41.74855971575343,
            "min": 17.420238,
            "med": 36.002399499999996,
            "max": 205.299858,
            "p(90)": 77.72877220000001
        },
        "vus": {
            "value": 10,
            "min": 10,
            "max": 10
        },
        "operation_requests": {
            "count": 292,
            "rate": 9.437499592488688
        },
        "http_req_duration{expected_response:true}": {
            "avg": 41.74855971575343,
            "min": 17.420238,
            "med": 36.002399499999996,
            "max": 205.299858,
            "p(90)": 77.72877220000001,
            "p(95)": 85.02038279999991,
            "p(99)": 165.43080563999925
        },
        "checks": {
            "passes": 876,
            "fails": 0,
            "value": 1
        },
        "iteration_duration": {
            "avg": 1042.9761988698633,
            "min": 1018.511817,
            "med": 1036.927423,
            "max": 1217.242375,
            "p(90)": 1078.8634405,
            "p(95)": 1086.3214633,
            "p(99)": 1168.6361638999992
        },
        "http_req_connecting": {
            "p(99)": 0.7347757399999998,
            "avg": 0.03584706164383561,
            "min": 0,
            "med": 0,
            "max": 4.155124,
            "p(90)": 0,
            "p(95)": 0
        },
        "http_req_sending": {
            "avg": 0.05511785273972604,
            "min": 0.021185,
            "med": 0.0366885,
            "max": 2.999351,
            "p(90)": 0.06468710000000003,
            "p(95)": 0.08478494999999997,
            "p(99)": 0.26377056999999804
        },
        "http_req_receiving": {
            "min": 0.037022,
            "med": 0.100305,
            "max": 0.410794,
            "p(90)": 0.1577323,
            "p(95)": 0.18509904999999993,
            "p(99)": 0.2971061799999993,
            "avg": 0.11064721575342464
        },
        "operation_bytes": {
            "count": 183863,
            "rate": 5942.489683471738
        },
        "http_req_blocked": {
            "min": 0.005149,
            "med": 0.0088145,
            "max": 4.350422,
            "p(90)": 0.013310300000000037,
            "p(95)": 0.0273962,
            "p(99)": 0.8047430599999993,
            "avg": 0.051120595890411014
        },
        "vus_max": {
            "max": 10,
            "value": 10,
            "min": 10
        },
        "data_received": {
            "count": 220674,
            "rate": 7132.228716002906
        },
        "operation_success": {
            "passes": 292,
            "fails": 0,
            "thresholds": {
                "rate>0.99": false
            },
            "value": 1
        },
        "http_req_waiting": {
            "avg": 41.582794647260286,
            "min": 17.253911,
            "med": 35.863889,
            "max": 205.067691,
            "p(90)": 77.5496105,
            "p(95)": 84.8901216499999,
            "p(99)": 165.06263849999928
        },
        "iterations": {
            "count": 292,
            "rate": 9.437499592488688
        },
        "http_req_duration": {
            "p(90)": 77.72877220000001,
            "p(95)": 85.02038279999991,
            "p(99)": 165.43080563999925,
            "avg": 41.74855971575343,
            "min": 17.420238,
            "med": 36.002399499999996,
            "max": 205.299858,
            "thresholds": {
                "p(95)<2000": false
            }
        },
        "http_reqs": {
            "count": 292,
            "rate": 9.437499592488688
        }
    }
}