{
    "metrics": {
        "http_req_tls_handshaking": {
            "med": 0,
            "max": 0,
            "p(90)": 0,
            "p(95)": 0,
            "p(99)": 0,
            "avg": 0,
            "min": 0
        },
        "vus": {
            "value": 50,
            "min": 50,
            "max": 50
        },
        "data_sent": {
            "count": 435243,
            "rate": 14168.171239187082
        },
        "http_req_duration": {
            "p(95)": 209.4112075,
            "p(99)": 355.35288539999914,
            "avg": 94.55158510280361,
            "min": 7.006737,
            "med": 67.986857,
            "max": 492.541415,
            "p(90)": 185.882874,
            "thresholds": {
                "p(95)<2000": false
            }
        },
        "checks": {
            "passes": 4173,
            "fails": 0,
            "value": 1
        },
        "http_req_failed": {
            "passes": 0,
            "fails": 1391,
            "thresholds": {
                "rate<0.01": false
            },
            "value": 0
        },
        "operation_duration": {
            "p(90)": 185.882874,
            "p(95)": 209.4112075,
            "p(99)": 355.35288539999914,
            "avg": 94.5515851028036,
            "min": 7.006737,
            "med": 67.986857,
            "max": 492.541415
        },
        "vus_max": {
            "value": 50,
            "min": 50,
            "max": 50
        },
        "http_reqs": {
            "count": 1391,
            "rate": 45.28028295391134
        },
        "http_req_sending": {
            "med": 0.033033,
            "max": 1.479218,
            "p(90)": 0.061705,
            "p(95)": 0.1059765,
            "p(99)": 0.9788027999999998,
            "avg": 0.05389775557153121,
            "min": 0.012381
        },
        "iterations": {
            "count": 1391,
            "rate": 45.28028295391134
        },
        "data_received": {
            "rate": 9510.487036531084,
            "count": 292160
        },
        "http_req_waiting": {
            "p(90)": 185.322113,
            "p(95)": 209.348044,
            "p(99)": 355.2014309999991,
            "avg": 94.40776404529123,
            "min": 6.879246,
            "med": 67.858479,
            "max": 492.321821
        },
        "operation_success": {
            "passes": 1391,
            "fails": 0,
            "thresholds": {
                "rate>0.99": false
            },
            "value": 1
        },
        "http_req_blocked": {
            "p(95)": 0.034391500000000005,
            "p(99)": 1.095062299999995,
            "avg": 0.037711651329978356,
            "min": 0.003357,
            "med": 0.008033,
            "max": 3.661106,
            "p(90)": 0.012632
        },
        "http_req_connecting": {
            "p(90)": 0,
            "p(95)": 0,
            "p(99)": 0.7598517999999991,
            "avg": 0.020105084831056788,
            "min": 0,
            "med": 0,
            "max": 2.020537
        },
        "http_req_receiving": {
            "avg": 0.08992330194104976,
            "min": 0.026266,
            "med": 0.074142,
            "max": 2.681247,
            "p(90)": 0.13183,
            "p(95)": 0.16062,
            "p(99)": 0.40860939999999885
        },
        "http_req_duration{expected_response:true}": {
            "p(99)": 355.35288539999914,
            "avg": 94.55158510280361,
            "min": 7.006737,
            "med": 67.986857,
            "max": 492.541415,
            "p(90)": 185.882874,
            "p(95)": 209.4112075
        },
        "operation_bytes": {
            "count": 118271,
            "rate": 3849.995934753449
        },
        "operation_requests": {
            "count": 1391,
            "rate": 45.28028295391134
        },
        "iteration_duration": {
            "p(90)": 1187.558764,
            "p(95)": 1210.818855,
            "p(99)": 1356.893918599999,
            "avg": 1095.8735891826016,
            "min": 1007.525235,
            "med": 1069.478032,
            "max": 1497.317631
        }
    },
    "root_group": {
        "name": "",
        "path": "",
        "id": "d41d8cd98f00b204e9800998ecf8427e",
        "groups": {},
        "checks": {
                "status is 200": {
                    "passes": 1391,
                    "fails": 0,
                    "name": "status is 200",
                    "path": "::status is 200",
                    "id": "6210a8cd14cd70477eba5c5e4cb3fb5f"
                },
                "graphql has no errors": {
                    "fails": 0,
                    "name": "graphql has no errors",
                    "path": "::graphql has no errors",
                    "id": "a51792f93b5c8e532ce92a5e740eaace",
                    "passes": 1391
                },
                "product has requested fields": {
                    "name": "product has requested fields",
                    "path": "::product has requested fields",
                    "id": "ed8763706183a5cc2f93ad49e382cadb",
                    "passes": 1391,
                    "fails": 0
                }
            }
    }
}