{
    "root_group": {
        "name": "",
        "path": "",
        "id": "d41d8cd98f00b204e9800998ecf8427e",
        "groups": {},
        "checks": {
                "status is 200": {
                    "path": "::status is 200",
                    "id": "6210a8cd14cd70477eba5c5e4cb3fb5f",
                    "passes": 1195,
                    "fails": 0,
                    "name": "status is 200"
                },
                "graphql has no errors": {
                    "name": "graphql has no errors",
                    "path": "::graphql has no errors",
                    "id": "a51792f93b5c8e532ce92a5e740eaace",
                    "passes": 1195,
                    "fails": 0
                },
                "order has items": {
                    "path": "::order has items",
                    "id": "2f70d417f4219645a0a93a98efade30e",
                    "passes": 1195,
                    "fails": 0,
                    "name": "order has items"
                }
            }
    },
    "metrics": {
        "vus": {
            "value": 50,
            "min": 50,
            "max": 50
        },
        "http_req_connecting": {
            "p(99)": 2.466005659999998,
            "avg": 0.07393007615062763,
            "min": 0,
            "med": 0,
            "max": 3.264021,
            "p(90)": 0,
            "p(95)": 0
        },
        "iteration_duration": {
            "p(95)": 1421.6449621,
            "p(99)": 1644.7246190599992,
            "avg": 1273.646519410044,
            "min": 1011.996951,
            "med": 1271.436713,
            "max": 1813.0698,
            "p(90)": 1351.2410034
        },
        "checks": {
            "fails": 0,
            "passes": 3585,
            "value": 1
        },
        "iterations": {
            "count": 1195,
            "rate": 38.572347817431094
        },
        "http_req_blocked": {
            "p(90)": 0.010252400000000007,
            "p(95)": 0.02357979999999988,
            "p(99)": 2.788906239999996,
            "avg": 0.08902902175732215,
            "min": 0.002038,
            "med": 0.005909,
            "max": 3.710423
        },
        "operation_bytes": {
            "count": 780000,
            "rate": 25176.92995614749
        },
        "http_req_failed": {
            "passes": 0,
            "fails": 1195,
            "thresholds": {
                "rate<0.01": false
            },
            "value": 0
        },
        "http_req_receiving": {
            "p(90)": 0.09737640000000006,
            "p(95)": 0.16546569999999983,
            "p(99)": 3.4516601399999987,
            "avg": 0.11027066359832632,
            "min": 0.011843,
            "med": 0.036576,
            "max": 3.948812
        },
        "data_sent": {
            "count": 723890,
            "rate": 23365.80490507129
        },
        "http_req_duration": {
            "avg": 272.4623031815897,
            "min": 11.46512,
            "med": 270.536217,
            "max": 811.9025,
            "p(90)": 349.17568480000006,
            "p(95)": 420.51100809999997,
            "p(99)": 640.3078466799993,
            "thresholds": {
                "p(95)<2000": false
            }
        },
        "http_req_tls_handshaking": {
            "p(95)": 0,
            "p(99)": 0,
            "avg": 0,
            "min": 0,
            "med": 0,
            "max": 0,
            "p(90)": 0
        },
        "http_req_waiting": {
            "min": 11.378628,
            "med": 270.477076,
            "max": 811.729427,
            "p(90)": 349.08420140000004,
            "p(95)": 420.45546779999995,
            "p(99)": 639.8011373199993,
            "avg": 272.2946761748958
        },
        "vus_max": {
            "max": 50,
            "value": 50,
            "min": 50
        },
        "http_req_duration{expected_response:true}": {
            "avg": 272.4623031815897,
            "min": 11.46512,
            "med": 270.536217,
            "max": 811.9025,
            "p(90)": 349.17568480000006,
            "p(95)": 420.51100809999997,
            "p(99)": 640.3078466799993
        },
        "data_received": {
            "count": 930662,
            "rate": 30040.015367754022
        },
        "operation_duration": {
            "max": 811.9025,
            "p(90)": 349.17568480000006,
            "p(95)": 420.51100809999997,
            "p(99)": 640.3078466799993,
            "avg": 272.4623031815897,
            "min": 11.46512,
            "med": 270.536217
        },
        "operation_success": {
            "passes": 1195,
            "fails": 0,
            "thresholds": {
                "rate>0.99": false
            },
            "value": 1
        },
        "http_reqs": {
            "count": 1195,
            "rate": 38.572347817431094
        },
        "http_req_sending": {
            "med": 0.022977,
            "max": 2.304941,
            "p(90)": 0.09645680000000072,
            "p(95)": 0.2659370999999999,
            "p(99)": 0.6156863799999994,
            "avg": 0.057356343096234275,
            "min": 0.00672
        },
        "operation_requests": {
            "count": 1195,
            "rate": 38.572347817431094
        }
    }
}