{
    "metrics": {
        "operation_requests": {
            "rate": 83.71929113108878,
            "count": 2580
        },
        "operation_bytes": {
            "count": 3359772,
            "rate": 109022.37604731799
        },
        "http_req_connecting": {
            "p(95)": 0,
            "p(99)": 0.7359219100000034,
            "avg": 0.020616075581395363,
            "min": 0,
            "med": 0,
            "max": 2.026318,
            "p(90)": 0
        },
        "http_req_tls_handshaking": {
            "med": 0,
            "max": 0,
            "p(90)": 0,
            "p(95)": 0,
            "p(99)": 0,
            "avg": 0,
            "min": 0
        },
        "http_req_receiving": {
            "med": 0.028553500000000002,
            "max": 2.157289,
            "p(90)": 0.0733904,
            "p(95)": 0.09935129999999996,
            "p(99)": 0.28180131,
            "avg": 0.04514020193798446,
            "min": 0.012005
        },
        "iteration_duration": {
            "avg": 1182.2641337961252,
            "min": 1011.85347,
            "med": 1169.428551,
            "max": 1670.288323,
            "p(90)": 1249.2295885,
            "p(95)": 1364.78607235,
            "p(99)": 1510.59714286
        },
        "http_req_duration{expected_response:true}": {
            "p(90)": 248.25613429999999,
            "p(95)": 363.58112335,
            "p(99)": 507.7109305400002,
            "avg": 181.20293177713174,
            "min": 10.82941,
            "med": 168.278413,
            "max": 669.542302
        },
        "http_req_sending": {
            "p(99)": 0.48597652000000013,
            "avg": 0.049161253875969015,
            "min": 0.006183,
            "med": 0.020826499999999998,
            "max": 1.486425,
            "p(90)": 0.1018959,
            "p(95)": 0.2667498499999993
        },
        "data_sent": {
            "count": 956887,
            "rate": 31050.34935370316
        },
        "data_received": {
            "count": 3687432,
            "rate": 119654.72602096626
        },
        "http_req_duration": {
            "avg": 181.20293177713174,
            "min": 10.82941,
            "med": 168.278413,
            "max": 669.542302,
            "p(90)": 248.25613429999999,
            "p(95)": 363.58112335,
            "p(99)": 507.7109305400002,
            "thresholds": {
                "p(95)<2000": false
            }
        },
        "http_req_blocked": {
            "p(90)": 0.0098383,
            "p(95)": 0.02667404999999996,
            "p(99)": 0.8644240100000024,
            "avg": 0.030400344961240278,
            "min": 0.00172,
            "med": 0.0055615000000000005,
            "max": 2.08816
        },
        "vus_max": {
            "value": 100,
            "min": 100,
            "max": 100
        },
        "operation_duration": {
            "p(99)": 507.7109305400002,
            "avg": 181.20293177713174,
            "min": 10.82941,
            "med": 168.278413,
            "max": 669.542302,
            "p(90)": 248.25613429999999,
            "p(95)": 363.58112335
        },
        "http_req_waiting": {
            "p(95)": 363.5250621,
            "p(99)": 507.2826041300002,
            "avg": 181.10863032131743,
            "min": 10.662036,
            "med": 168.2187925,
            "max": 669.475399,
            "p(90)": 248.1724262
        },
        "http_req_failed": {
            "passes": 0,
            "fails": 2580,
            "thresholds": {
                "rate<0.01": false
            },
            "value": 0
        },
        "iterations": {
            "rate": 83.71929113108878,
            "count": 2580
        },
        "checks": {
            "passes": 7740,
            "fails": 0,
            "value": 1
        },
        "vus": {
            "min": 100,
            "max": 100,
            "value": 100
        },
        "operation_success": {
            "passes": 2580,
            "fails": 0,
            "thresholds": {
                "rate>0.99": false
            },
            "value": 1
        },
        "http_reqs": {
            "count": 2580,
            "rate": 83.71929113108878
        }
    },
    "root_group": {
        "name": "",
        "path": "",
        "id": "d41d8cd98f00b204e9800998ecf8427e",
        "groups": {},
        "checks": {
                "status is 200": {
                    "name": "status is 200",
                    "path": "::status is 200",
                    "id": "6210a8cd14cd70477eba5c5e4cb3fb5f",
                    "passes": 2580,
                    "fails": 0
                },
                "graphql has no errors": {
                    "name": "graphql has no errors",
                    "path": "::graphql has no errors",
                    "id": "a51792f93b5c8e532ce92a5e740eaace",
                    "passes": 2580,
                    "fails": 0
                },
                "products are returned": {
                    "name": "products are returned",
                    "path": "::products are returned",
                    "id": "2e79ed563e9d264b11976259f63ea025",
                    "passes": 2580,
                    "fails": 0
                }
            }
    }
}