{
    "metrics": {
        "http_req_receiving": {
            "avg": 0.06238900144092219,
            "min": 0.014245,
            "med": 0.041329000000000005,
            "max": 1.744649,
            "p(90)": 0.10475469999999996,
            "p(95)": 0.16018009999999994,
            "p(99)": 0.36728795
        },
        "vus": {
            "value": 50,
            "min": 50,
            "max": 50
        },
        "operation_bytes": {
            "rate": 3803.9920795077023,
            "count": 117803
        },
        "http_req_tls_handshaking": {
            "p(95)": 0,
            "p(99)": 0,
            "avg": 0,
            "min": 0,
            "med": 0,
            "max": 0,
            "p(90)": 0
        },
        "vus_max": {
            "value": 50,
            "min": 50,
            "max": 50
        },
        "operation_success": {
            "passes": 1388,
            "fails": 0,
            "thresholds": {
                "rate>0.99": false
            },
            "value": 1
        },
        "http_req_connecting": {
            "p(90)": 0,
            "p(95)": 0,
            "p(99)": 1.3062392399999907,
            "avg": 0.02746708573487033,
            "min": 0,
            "med": 0,
            "max": 2.107059
        },
        "http_req_waiting": {
            "p(99)": 257.93003633999933,
            "avg": 93.07253060302605,
            "min": 6.69481,
            "med": 89.0183245,
            "max": 359.500573,
            "p(90)": 127.3377785,
            "p(95)": 141.0929894
        },
        "data_received": {
            "count": 291332,
            "rate": 9407.439712971129
        },
        "http_req_duration{expected_response:true}": {
            "med": 89.0799055,
            "max": 359.604734,
            "p(90)": 127.429011,
            "p(95)": 141.1760375,
            "p(99)": 258.03631329999934,
            "avg": 93.1723305194524,
            "min": 6.782376
        },
        "http_req_blocked": {
            "avg": 0.037288968299711865,
            "min": 0.001851,
            "med": 0.0064150000000000006,
            "max": 2.177034,
            "p(90)": 0.010663899999999999,
            "p(95)": 0.021692099999999957,
            "p(99)": 1.4437517499999908
        },
        "http_reqs": {
            "count": 1388,
            "rate": 44.820089525366
        },
        "operation_requests": {
            "count": 1388,
            "rate": 44.820089525366
        },
        "http_req_failed": {
            "fails": 1388,
            "passes": 0,
            "thresholds": {
                "rate<0.01": false
            },
            "value": 0
        },
        "http_req_sending": {
            "avg": 0.03741091498559076,
            "min": 0.006689,
            "med": 0.0236595,
            "max": 0.493886,
            "p(90)": 0.046187299999999994,
            "p(95)": 0.11163824999999997,
            "p(99)": 0.34068293999999893
        },
        "operation_duration": {
            "p(99)": 258.03631329999934,
            "avg": 93.1723305194524,
            "min": 6.782376,
            "med": 89.0799055,
            "max": 359.604734,
            "p(90)": 127.429011,
            "p(95)": 141.1760375
        },
        "data_sent": {
            "count": 434301,
            "rate": 14024.070389737737
        },
        "iterations": {
            "count": 1388,
            "rate": 44.820089525366
        },
        "http_req_duration": {
            "p(99)": 258.03631329999934,
            "avg": 93.1723305194524,
            "min": 6.782376,
            "med": 89.0799055,
            "max": 359.604734,
            "p(90)": 127.429011,
            "p(95)": 141.1760375,
            "thresholds": {
                "p(95)<2000": false
            }
        },
        "iteration_duration": {
            "avg": 1094.2406012456804,
            "min": 1007.118799,
            "med": 1090.1307455,
            "max": 1363.257846,
            "p(90)": 1128.7619015,
            "p(95)": 1142.80712825,
            "p(99)": 1259.2496866399995
        },
        "checks": {
            "passes": 4164,
            "fails": 0,
            "value": 1
        }
    },
    "root_group": {
        "name": "",
        "path": "",
        "id": "d41d8cd98f00b204e9800998ecf8427e",
        "groups": {},
        "checks": {
                "status is 200": {
                    "name": "status is 200",
                    "path": "::status is 200",
                    "id": "6210a8cd14cd70477eba5c5e4cb3fb5f",
                    "passes": 1388,
                    "fails": 0
                },
                "graphql has no errors": {
                    "path": "::graphql has no errors",
                    "id": "a51792f93b5c8e532ce92a5e740eaace",
                    "passes": 1388,
                    "fails": 0,
                    "name": "graphql has no errors"
                },
                "product has requested fields": {
                    "path": "::product has requested fields",
                    "id": "ed8763706183a5cc2f93ad49e382cadb",
                    "passes": 1388,
                    "fails": 0,
                    "name": "product has requested fields"
                }
            }
    }
}