{
    "root_group": {
        "groups": {},
        "checks": {
                "status is 200": {
                    "path": "::status is 200",
                    "id": "6210a8cd14cd70477eba5c5e4cb3fb5f",
                    "passes": 296,
                    "fails": 0,
                    "name": "status is 200"
                },
                "graphql has no errors": {
                    "passes": 296,
                    "fails": 0,
                    "name": "graphql has no errors",
                    "path": "::graphql has no errors",
                    "id": "a51792f93b5c8e532ce92a5e740eaace"
                },
                "customer orders is an array": {
                    "id": "2a5eec50bd56aa7c6b1f1542987c83ac",
                    "passes": 296,
                    "fails": 0,
                    "name": "customer orders is an array",
                    "path": "::customer orders is an array"
                }
            },
        "name": "",
        "path": "",
        "id": "d41d8cd98f00b204e9800998ecf8427e"
    },
    "metrics": {
        "checks": {
            "passes": 888,
            "fails": 0,
            "value": 1
        },
        "http_req_blocked": {
            "avg": 0.019466780405405414,
            "min": 0.004141,
            "med": 0.00756,
            "max": 0.74835,
            "p(90)": 0.010732,
            "p(95)": 0.013648750000000001,
            "p(99)": 0.3650005500000009
        },
        "iterations": {
            "count": 296,
            "rate": 9.544149078335362
        },
        "operation_requests": {
            "count": 296,
            "rate": 9.544149078335362
        },
        "http_req_connecting": {
            "p(99)": 0.2931384500000002,
            "avg": 0.008969925675675677,
            "min": 0,
            "med": 0,
            "max": 0.633798,
            "p(90)": 0,
            "p(95)": 0
        },
        "vus_max": {
            "value": 10,
            "min": 10,
            "max": 10
        },
        "iteration_duration": {
            "max": 1163.878197,
            "p(90)": 1045.550878,
            "p(95)": 1066.5147690000001,
            "p(99)": 1114.92253875,
            "avg": 1031.2416448885133,
            "min": 1009.680143,
            "med": 1025.470362
        },
        "operation_success": {
            "passes": 296,
            "fails": 0,
            "thresholds": {
                "rate>0.99": false
            },
            "value": 1
        },
        "http_req_failed": {
            "passes": 0,
            "fails": 296,
            "thresholds": {
                "rate<0.01": false
            },
            "value": 0
        },
        "http_req_duration{expected_response:true}": {
            "avg": 30.147990155405413,
            "min": 8.351191,
            "med": 24.3806995,
            "max": 162.535617,
            "p(90)": 44.263829,
            "p(95)": 65.06097075,
            "p(99)": 113.99706330000019
        },
        "operation_duration": {
            "min": 8.351191,
            "med": 24.3806995,
            "max": 162.535617,
            "p(90)": 44.263829,
            "p(95)": 65.06097075,
            "p(99)": 113.99706330000019,
            "avg": 30.147990155405413
        },
        "data_sent": {
            "count": 188236,
            "rate": 6069.433938883565
        },
        "operation_bytes": {
            "count": 895931,
            "rate": 28888.17239156108
        },
        "vus": {
            "value": 1,
            "min": 1,
            "max": 10
        },
        "http_req_duration": {
            "avg": 30.147990155405413,
            "min": 8.351191,
            "med": 24.3806995,
            "max": 162.535617,
            "p(90)": 44.263829,
            "p(95)": 65.06097075,
            "p(99)": 113.99706330000019,
            "thresholds": {
                "p(95)<2000": false
            }
        },
        "http_req_waiting": {
            "avg": 30.01153967567568,
            "min": 8.154987,
            "med": 24.237807,
            "max": 162.357808,
            "p(90)": 44.1479355,
            "p(95)": 64.91628875,
            "p(99)": 113.8909051500002
        },
        "http_req_receiving": {
            "p(90)": 0.137957,
            "p(95)": 0.16914725,
            "p(99)": 0.27178670000000016,
            "avg": 0.09784278716216215,
            "min": 0.032243,
            "med": 0.0895505,
            "max": 0.436925
        },
        "http_req_sending": {
            "avg": 0.038607692567567624,
            "min": 0.016443,
            "med": 0.0333605,
            "max": 0.321379,
            "p(90)": 0.054373000000000005,
            "p(95)": 0.06947400000000001,
            "p(99)": 0.13745940000000056
        },
        "data_received": {
            "count": 933495,
            "rate": 30099.376499596856
        },
        "http_reqs": {
            "rate": 9.544149078335362,
            "count": 296
        },
        "http_req_tls_handshaking": {
            "avg": 0,
            "min": 0,
            "med": 0,
            "max": 0,
            "p(90)": 0,
            "p(95)": 0,
            "p(99)": 0
        }
    }
}