{
    "root_group": {
        "path": "",
        "id": "d41d8cd98f00b204e9800998ecf8427e",
        "groups": {},
        "checks": {
                "status is 200": {
                    "name": "status is 200",
                    "path": "::status is 200",
                    "id": "6210a8cd14cd70477eba5c5e4cb3fb5f",
                    "passes": 1919,
                    "fails": 0
                },
                "graphql has no errors": {
                    "fails": 0,
                    "name": "graphql has no errors",
                    "path": "::graphql has no errors",
                    "id": "a51792f93b5c8e532ce92a5e740eaace",
                    "passes": 1919
                },
                "customer orders is an array": {
                    "name": "customer orders is an array",
                    "path": "::customer orders is an array",
                    "id": "2a5eec50bd56aa7c6b1f1542987c83ac",
                    "passes": 1919,
                    "fails": 0
                }
            },
        "name": ""
    },
    "metrics": {
        "http_req_duration": {
            "avg": 601.284552248045,
            "min": 22.295565,
            "med": 552.933274,
            "max": 4237.287366,
            "p(90)": 788.1555028000004,
            "p(95)": 912.3651504999999,
            "p(99)": 2031.5093262399923,
            "thresholds": {
                "p(95)<2000": false
            }
        },
        "operation_duration": {
            "max": 4237.287366,
            "p(90)": 788.1555028000004,
            "p(95)": 912.3651504999999,
            "p(99)": 2031.5093262399923,
            "avg": 601.284552248045,
            "min": 22.295565,
            "med": 552.933274
        },
        "http_req_waiting": {
            "avg": 601.1466424095886,
            "min": 22.075085,
            "med": 552.872239,
            "max": 4237.148359,
            "p(90)": 788.0968214000004,
            "p(95)": 912.3014093,
            "p(99)": 2031.2725741999925
        },
        "http_req_blocked": {
            "avg": 0.0660839192287651,
            "min": 0.001704,
            "med": 0.004481,
            "max": 4.563342,
            "p(90)": 0.010645400000000003,
            "p(95)": 0.13994549999999997,
            "p(99)": 1.9437131199999866
        },
        "checks": {
            "passes": 5757,
            "fails": 0,
            "value": 1
        },
        "http_req_duration{expected_response:true}": {
            "avg": 601.284552248045,
            "min": 22.295565,
            "med": 552.933274,
            "max": 4237.287366,
            "p(90)": 788.1555028000004,
            "p(95)": 912.3651504999999,
            "p(99)": 2031.5093262399923
        },
        "operation_requests": {
            "rate": 61.38599650286767,
            "count": 1919
        },
        "http_req_failed": {
            "passes": 0,
            "fails": 1919,
            "thresholds": {
                "rate<0.01": false
            },
            "value": 0
        },
        "http_req_tls_handshaking": {
            "med": 0,
            "max": 0,
            "p(90)": 0,
            "p(95)": 0,
            "p(99)": 0,
            "avg": 0,
            "min": 0
        },
        "http_req_connecting": {
            "avg": 0.04648263470557582,
            "min": 0,
            "med": 0,
            "max": 4.39558,
            "p(90)": 0,
            "p(95)": 0.08180049999999993,
            "p(99)": 1.467987759999996
        },
        "iterations": {
            "count": 1919,
            "rate": 61.38599650286767
        },
        "vus_max": {
            "min": 100,
            "max": 100,
            "value": 100
        },
        "http_req_receiving": {
            "min": 0.011863,
            "med": 0.031111,
            "max": 1.382073,
            "p(90)": 0.09048780000000003,
            "p(95)": 0.12096579999999997,
            "p(99)": 0.35847943999999965,
            "avg": 0.05209364721208966
        },
        "http_req_sending": {
            "med": 0.018479,
            "max": 4.332404,
            "p(90)": 0.18981880000000007,
            "p(95)": 0.43549799999999983,
            "p(99)": 0.9842662399999924,
            "avg": 0.08581619124544025,
            "min": 0.006253
        },
        "vus": {
            "value": 27,
            "min": 27,
            "max": 100
        },
        "iteration_duration": {
            "p(99)": 3033.0459838799925,
            "avg": 1602.5295894908807,
            "min": 1024.983609,
            "med": 1553.893876,
            "max": 5238.631389,
            "p(90)": 1790.9463164000003,
            "p(95)": 1913.9197643
        },
        "operation_bytes": {
            "count": 5797676,
            "rate": 185459.15511243348
        },
        "http_reqs": {
            "count": 1919,
            "rate": 61.38599650286767
        },
        "data_sent": {
            "count": 1220352,
            "rate": 39037.27128935256
        },
        "operation_success": {
            "passes": 1919,
            "fails": 0,
            "thresholds": {
                "rate>0.99": false
            },
            "value": 1
        },
        "data_received": {
            "count": 6041255,
            "rate": 193250.89020475865
        }
    }
}