{
    "metrics": {
        "operation_success": {
            "passes": 2420,
            "fails": 0,
            "thresholds": {
                "rate>0.99": false
            },
            "value": 1
        },
        "http_req_duration": {
            "min": 18.34543,
            "med": 241.02234099999998,
            "max": 1380.652043,
            "p(90)": 321.46251159999997,
            "p(95)": 368.5347513499999,
            "p(99)": 929.6164245899987,
            "avg": 263.7736453115704,
            "thresholds": {
                "p(95)<2000": false
            }
        },
        "data_sent": {
            "count": 897535,
            "rate": 28862.772034662932
        },
        "data_received": {
            "count": 3461455,
            "rate": 111312.85863308303
        },
        "http_req_tls_handshaking": {
            "min": 0,
            "med": 0,
            "max": 0,
            "p(90)": 0,
            "p(95)": 0,
            "p(99)": 0,
            "avg": 0
        },
        "http_req_receiving": {
            "max": 2.852701,
            "p(90)": 0.13154949999999996,
            "p(95)": 0.20552449999999933,
            "p(99)": 0.6404115799999994,
            "avg": 0.08047664214876014,
            "min": 0.016438,
            "med": 0.048179
        },
        "vus_max": {
            "value": 100,
            "min": 100,
            "max": 100
        },
        "http_req_sending": {
            "avg": 0.0839145169421487,
            "min": 0.010901,
            "med": 0.0243215,
            "max": 4.917697,
            "p(90)": 0.21985319999999992,
            "p(95)": 0.4157728999999998,
            "p(99)": 0.9244772999999984
        },
        "iteration_duration": {
            "avg": 1265.1695578103306,
            "min": 1019.309187,
            "med": 1242.3001024999999,
            "max": 2382.608178,
            "p(90)": 1323.0243686000001,
            "p(95)": 1369.79282795,
            "p(99)": 1933.1752712499986
        },
        "http_req_failed": {
            "passes": 0,
            "fails": 2420,
            "thresholds": {
                "rate<0.01": false
            },
            "value": 0
        },
        "http_req_connecting": {
            "p(95)": 0,
            "p(99)": 5.336278129999997,
            "avg": 0.1558811152892563,
            "min": 0,
            "med": 0,
            "max": 9.966213,
            "p(90)": 0
        },
        "http_req_waiting": {
            "avg": 263.6092541524795,
            "min": 18.16322,
            "med": 240.9384685,
            "max": 1380.460075,
            "p(90)": 321.3937626,
            "p(95)": 368.46518964999996,
            "p(99)": 929.0739580399986
        },
        "http_req_duration{expected_response:true}": {
            "med": 241.02234099999998,
            "max": 1380.652043,
            "p(90)": 321.46251159999997,
            "p(95)": 368.5347513499999,
            "p(99)": 929.6164245899987,
            "avg": 263.7736453115704,
            "min": 18.34543
        },
        "iterations": {
            "count": 2420,
            "rate": 77.8219326531938
        },
        "vus": {
            "max": 100,
            "value": 15,
            "min": 15
        },
        "operation_duration": {
            "max": 1380.652043,
            "p(90)": 321.46251159999997,
            "p(95)": 368.5347513499999,
            "p(99)": 929.6164245899987,
            "avg": 263.77364531157036,
            "min": 18.34543,
            "med": 241.02234099999998
        },
        "operation_requests": {
            "count": 2420,
            "rate": 77.8219326531938
        },
        "http_req_blocked": {
            "p(90)": 0.010959499999999997,
            "p(95)": 0.03488724999999984,
            "p(99)": 5.58637848,
            "avg": 0.1779558644628105,
            "min": 0.002776,
            "med": 0.006273,
            "max": 11.287766
        },
        "operation_bytes": {
            "count": 3154115,
            "rate": 101429.47318612742
        },
        "checks": {
            "passes": 7260,
            "fails": 0,
            "value": 1
        },
        "http_reqs": {
            "count": 2420,
            "rate": 77.8219326531938
        }
    },
    "root_group": {
        "name": "",
        "path": "",
        "id": "d41d8cd98f00b204e9800998ecf8427e",
        "groups": {},
        "checks": {
                "status is 200": {
                    "id": "6210a8cd14cd70477eba5c5e4cb3fb5f",
                    "passes": 2420,
                    "fails": 0,
                    "name": "status is 200",
                    "path": "::status is 200"
                },
                "graphql has no errors": {
                    "name": "graphql has no errors",
                    "path": "::graphql has no errors",
                    "id": "a51792f93b5c8e532ce92a5e740eaace",
                    "passes": 2420,
                    "fails": 0
                },
                "products are returned": {
                    "name": "products are returned",
                    "path": "::products are returned",
                    "id": "2e79ed563e9d264b11976259f63ea025",
                    "passes": 2420,
                    "fails": 0
                }
            }
    }
}