{
    "metrics": {
        "http_req_failed": {
            "passes": 0,
            "fails": 300,
            "thresholds": {
                "rate<0.01": false
            },
            "value": 0
        },
        "http_req_duration": {
            "max": 90.942828,
            "p(90)": 46.2269425,
            "p(95)": 49.50886215000001,
            "p(99)": 78.31677654999994,
            "avg": 24.337790306666662,
            "min": 5.582654,
            "med": 19.0803815,
            "thresholds": {
                "p(95)<2000": false
            }
        },
        "http_reqs": {
            "count": 300,
            "rate": 9.685783316494
        },
        "data_received": {
            "rate": 13859.936208625866,
            "count": 429287
        },
        "http_req_waiting": {
            "p(95)": 49.40814775000001,
            "p(99)": 78.07042601999994,
            "avg": 24.209793326666656,
            "min": 5.506903,
            "med": 18.993437999999998,
            "max": 90.767246,
            "p(90)": 46.127969
        },
        "operation_requests": {
            "count": 300,
            "rate": 9.685783316494
        },
        "http_req_tls_handshaking": {
            "p(99)": 0,
            "avg": 0,
            "min": 0,
            "med": 0,
            "max": 0,
            "p(90)": 0,
            "p(95)": 0
        },
        "data_sent": {
            "count": 111274,
            "rate": 3592.586175865178
        },
        "operation_success": {
            "passes": 300,
            "fails": 0,
            "thresholds": {
                "rate>0.99": false
            },
            "value": 1
        },
        "vus_max": {
            "value": 10,
            "min": 10,
            "max": 10
        },
        "http_req_sending": {
            "p(90)": 0.05364190000000002,
            "p(95)": 0.08238000000000005,
            "p(99)": 0.1434714799999998,
            "avg": 0.04002521666666666,
            "min": 0.013089,
            "med": 0.035617499999999996,
            "max": 0.39308
        },
        "http_req_blocked": {
            "med": 0.0081735,
            "max": 0.479271,
            "p(90)": 0.0115827,
            "p(95)": 0.025590500000000026,
            "p(99)": 0.30246425999999915,
            "avg": 0.018751279999999985,
            "min": 0.003368
        },
        "operation_bytes": {
            "rate": 12629.841727431129,
            "count": 391187
        },
        "http_req_receiving": {
            "p(95)": 0.14635030000000002,
            "p(99)": 0.21978506999999986,
            "avg": 0.08797176333333333,
            "min": 0.025371,
            "med": 0.08606649999999999,
            "max": 0.308139,
            "p(90)": 0.12720160000000003
        },
        "checks": {
            "passes": 900,
            "fails": 0,
            "value": 1
        },
        "http_req_duration{expected_response:true}": {
            "max": 90.942828,
            "p(90)": 46.2269425,
            "p(95)": 49.50886215000001,
            "p(99)": 78.31677654999994,
            "avg": 24.337790306666662,
            "min": 5.582654,
            "med": 19.0803815
        },
        "http_req_connecting": {
            "p(99)": 0.2075274599999999,
            "avg": 0.005618906666666666,
            "min": 0,
            "med": 0,
            "max": 0.227,
            "p(90)": 0,
            "p(95)": 0
        },
        "vus": {
            "value": 10,
            "min": 10,
            "max": 10
        },
        "iteration_duration": {
            "med": 1020.532532,
            "max": 1093.043172,
            "p(90)": 1046.8464628,
            "p(95)": 1050.64500475,
            "p(99)": 1079.33291681,
            "avg": 1025.4492943466662,
            "min": 1006.624337
        },
        "operation_duration": {
            "med": 19.0803815,
            "max": 90.942828,
            "p(90)": 46.2269425,
            "p(95)": 49.50886215000001,
            "p(99)": 78.31677654999994,
            "avg": 24.337790306666662,
            "min": 5.582654
        },
        "iterations": {
            "count": 300,
            "rate": 9.685783316494
        }
    },
    "root_group": {
        "path": "",
        "id": "d41d8cd98f00b204e9800998ecf8427e",
        "groups": {},
        "checks": {
                "status is 200": {
                    "name": "status is 200",
                    "path": "::status is 200",
                    "id": "6210a8cd14cd70477eba5c5e4cb3fb5f",
                    "passes": 300,
                    "fails": 0
                },
                "graphql has no errors": {
                    "name": "graphql has no errors",
                    "path": "::graphql has no errors",
                    "id": "a51792f93b5c8e532ce92a5e740eaace",
                    "passes": 300,
                    "fails": 0
                },
                "products are returned": {
                    "passes": 300,
                    "fails": 0,
                    "name": "products are returned",
                    "path": "::products are returned",
                    "id": "2e79ed563e9d264b11976259f63ea025"
                }
            },
        "name": ""
    }
}