{
    "root_group": {
        "name": "",
        "path": "",
        "id": "d41d8cd98f00b204e9800998ecf8427e",
        "groups": {},
        "checks": {
                "status is 200": {
                    "passes": 2381,
                    "fails": 0,
                    "name": "status is 200",
                    "path": "::status is 200",
                    "id": "6210a8cd14cd70477eba5c5e4cb3fb5f"
                },
                "graphql has no errors": {
                    "passes": 2381,
                    "fails": 0,
                    "name": "graphql has no errors",
                    "path": "::graphql has no errors",
                    "id": "a51792f93b5c8e532ce92a5e740eaace"
                },
                "order has items": {
                    "name": "order has items",
                    "path": "::order has items",
                    "id": "2f70d417f4219645a0a93a98efade30e",
                    "passes": 2381,
                    "fails": 0
                }
            }
    },
    "metrics": {
        "http_req_duration{expected_response:true}": {
            "avg": 288.76177499874115,
            "min": 20.076947,
            "med": 261.751982,
            "max": 1191.122022,
            "p(90)": 387.291014,
            "p(95)": 470.367445,
            "p(99)": 810.494706599991
        },
        "http_req_connecting": {
            "min": 0,
            "med": 0,
            "max": 10.592503,
            "p(90)": 0,
            "p(95)": 0,
            "p(99)": 6.852621399999954,
            "avg": 0.20843740403191935
        },
        "operation_bytes": {
            "count": 1573880,
            "rate": 50340.1242627621
        },
        "http_req_failed": {
            "passes": 0,
            "fails": 2381,
            "thresholds": {
                "rate<0.01": false
            },
            "value": 0
        },
        "http_req_sending": {
            "avg": 0.0858703582528349,
            "min": 0.006081,
            "med": 0.016933,
            "max": 9.514423,
            "p(90)": 0.120776,
            "p(95)": 0.280318,
            "p(99)": 1.1757695999999884
        },
        "http_req_receiving": {
            "med": 0.026992,
            "max": 2.252601,
            "p(90)": 0.066728,
            "p(95)": 0.084437,
            "p(99)": 0.18017919999999873,
            "avg": 0.04073997396052079,
            "min": 0.011269
        },
        "operation_duration": {
            "med": 261.751982,
            "max": 1191.122022,
            "p(90)": 387.291014,
            "p(95)": 470.367445,
            "p(99)": 810.494706599991,
            "avg": 288.76177499874115,
            "min": 20.076947
        },
        "operation_success": {
            "passes": 2381,
            "fails": 0,
            "thresholds": {
                "rate>0.99": false
            },
            "value": 1
        },
        "http_req_waiting": {
            "avg": 288.63516466652703,
            "min": 19.941745,
            "med": 261.644453,
            "max": 1191.008994,
            "p(90)": 387.254448,
            "p(95)": 470.255306,
            "p(99)": 809.543050799991
        },
        "data_sent": {
            "count": 1442398,
            "rate": 46134.70820924056
        },
        "iterations": {
            "count": 2381,
            "rate": 76.1556382123393
        },
        "http_req_duration": {
            "avg": 288.76177499874115,
            "min": 20.076947,
            "med": 261.751982,
            "max": 1191.122022,
            "p(90)": 387.291014,
            "p(95)": 470.367445,
            "p(99)": 810.494706599991,
            "thresholds": {
                "p(95)<2000": false
            }
        },
        "http_req_tls_handshaking": {
            "p(95)": 0,
            "p(99)": 0,
            "avg": 0,
            "min": 0,
            "med": 0,
            "max": 0,
            "p(90)": 0
        },
        "vus_max": {
            "min": 100,
            "max": 100,
            "value": 100
        },
        "iteration_duration": {
            "p(99)": 1818.5104293999912,
            "avg": 1289.9644099290208,
            "min": 1021.099137,
            "med": 1262.684825,
            "max": 2192.192825,
            "p(90)": 1388.801344,
            "p(95)": 1471.573042
        },
        "operation_requests": {
            "count": 2381,
            "rate": 76.1556382123393
        },
        "http_req_blocked": {
            "avg": 0.22179928223435508,
            "min": 0.001663,
            "med": 0.004342,
            "max": 10.999734,
            "p(90)": 0.008812,
            "p(95)": 0.028756,
            "p(99)": 7.276614999999874
        },
        "vus": {
            "value": 21,
            "min": 21,
            "max": 100
        },
        "http_reqs": {
            "count": 2381,
            "rate": 76.1556382123393
        },
        "checks": {
            "passes": 7143,
            "fails": 0,
            "value": 1
        },
        "data_received": {
            "count": 1874112,
            "rate": 59942.96322612499
        }
    }
}