{
    "metrics": {
        "vus": {
            "value": 100,
            "min": 100,
            "max": 100
        },
        "http_req_tls_handshaking": {
            "max": 0,
            "p(90)": 0,
            "p(95)": 0,
            "p(99)": 0,
            "avg": 0,
            "min": 0,
            "med": 0
        },
        "operation_bytes": {
            "rate": 7453.404859540714,
            "count": 228431
        },
        "vus_max": {
            "min": 100,
            "max": 100,
            "value": 100
        },
        "http_req_blocked": {
            "p(99)": 0.8408938399999952,
            "avg": 0.0300583800669395,
            "min": 0.002157,
            "med": 0.005761,
            "max": 3.112338,
            "p(90)": 0.0105026,
            "p(95)": 0.028272799999999983
        },
        "data_received": {
            "count": 564598,
            "rate": 18422.09453571086
        },
        "http_req_duration{expected_response:true}": {
            "min": 5.024062,
            "med": 119.927955,
            "max": 778.61899,
            "p(90)": 184.4648994,
            "p(95)": 212.6450878,
            "p(99)": 590.1808032399992,
            "avg": 126.32586877500944
        },
        "operation_success": {
            "passes": 2689,
            "fails": 0,
            "thresholds": {
                "rate>0.99": false
            },
            "value": 1
        },
        "http_req_duration": {
            "min": 5.024062,
            "med": 119.927955,
            "max": 778.61899,
            "p(90)": 184.4648994,
            "p(95)": 212.6450878,
            "p(99)": 590.1808032399992,
            "avg": 126.32586877500944,
            "thresholds": {
                "p(95)<2000": false
            }
        },
        "http_reqs": {
            "rate": 87.73855416867666,
            "count": 2689
        },
        "http_req_connecting": {
            "min": 0,
            "med": 0,
            "max": 3.068414,
            "p(90)": 0,
            "p(95)": 0,
            "p(99)": 0.6130958799999886,
            "avg": 0.017444101152844917
        },
        "http_req_sending": {
            "min": 0.007204,
            "med": 0.021821,
            "max": 2.385815,
            "p(90)": 0.053206400000000174,
            "p(95)": 0.17262799999999992,
            "p(99)": 0.6805875199999991,
            "avg": 0.04879093640758648
        },
        "operation_requests": {
            "count": 2689,
            "rate": 87.73855416867666
        },
        "operation_duration": {
            "avg": 126.32586877500944,
            "min": 5.024062,
            "med": 119.927955,
            "max": 778.61899,
            "p(90)": 184.4648994,
            "p(95)": 212.6450878,
            "p(99)": 590.1808032399992
        },
        "iteration_duration": {
            "med": 1120.933504,
            "max": 1779.321158,
            "p(90)": 1185.1430344,
            "p(95)": 1212.9414022,
            "p(99)": 1590.8446173599993,
            "avg": 1127.4036502677577,
            "min": 1005.294609
        },
        "http_req_failed": {
            "passes": 0,
            "fails": 2689,
            "thresholds": {
                "rate<0.01": false
            },
            "value": 0
        },
        "http_req_receiving": {
            "p(99)": 0.3478667199999998,
            "avg": 0.057894327259204154,
            "min": 0.011239,
            "med": 0.035885,
            "max": 4.104889,
            "p(90)": 0.08763720000000004,
            "p(95)": 0.12287499999999975
        },
        "iterations": {
            "count": 2689,
            "rate": 87.73855416867666
        },
        "http_req_waiting": {
            "max": 778.460699,
            "p(90)": 184.3969092,
            "p(95)": 212.57027259999998,
            "p(99)": 589.3593351999994,
            "avg": 126.2191835113428,
            "min": 4.924474,
            "med": 119.86464
        },
        "checks": {
            "fails": 0,
            "passes": 8067,
            "value": 1
        },
        "data_sent": {
            "count": 841394,
            "rate": 27453.586108664756
        }
    },
    "root_group": {
        "name": "",
        "path": "",
        "id": "d41d8cd98f00b204e9800998ecf8427e",
        "groups": {},
        "checks": {
                "status is 200": {
                    "name": "status is 200",
                    "path": "::status is 200",
                    "id": "6210a8cd14cd70477eba5c5e4cb3fb5f",
                    "passes": 2689,
                    "fails": 0
                },
                "graphql has no errors": {
                    "name": "graphql has no errors",
                    "path": "::graphql has no errors",
                    "id": "a51792f93b5c8e532ce92a5e740eaace",
                    "passes": 2689,
                    "fails": 0
                },
                "product has requested fields": {
                    "name": "product has requested fields",
                    "path": "::product has requested fields",
                    "id": "ed8763706183a5cc2f93ad49e382cadb",
                    "passes": 2689,
                    "fails": 0
                }
            }
    }
}