{
    "metrics": {
        "http_req_receiving": {
            "min": 0.015289,
            "med": 0.039708,
            "max": 2.45974,
            "p(90)": 0.10619260000000008,
            "p(95)": 0.13685129999999998,
            "p(99)": 0.41572197999999977,
            "avg": 0.06561436888888865
        },
        "operation_duration": {
            "avg": 945.7175425130167,
            "min": 31.149767,
            "med": 921.593721,
            "max": 5322.88722,
            "p(90)": 1008.4549443999999,
            "p(95)": 1120.8040836,
            "p(99)": 3336.709278799999
        },
        "checks": {
            "passes": 4725,
            "fails": 0,
            "value": 1
        },
        "http_req_sending": {
            "max": 4.00675,
            "p(90)": 0.4242368000000001,
            "p(95)": 0.7024863,
            "p(99)": 1.79441086,
            "avg": 0.1355845187301586,
            "min": 0.009435,
            "med": 0.020779
        },
        "iteration_duration": {
            "p(99)": 4338.2387007199995,
            "avg": 1947.23564373143,
            "min": 1033.857013,
            "med": 1922.549608,
            "max": 6324.411838,
            "p(90)": 2009.8651936,
            "p(95)": 2121.5365107999996
        },
        "operation_success": {
            "fails": 0,
            "passes": 1575,
            "thresholds": {
                "rate>0.99": false
            },
            "value": 1
        },
        "http_req_blocked": {
            "avg": 0.14354902920634913,
            "min": 0.002039,
            "med": 0.005041,
            "max": 4.928991,
            "p(90)": 0.014747000000000019,
            "p(95)": 0.2671924999999996,
            "p(99)": 4.2938046199999995
        },
        "vus_max": {
            "value": 100,
            "min": 100,
            "max": 100
        },
        "http_req_connecting": {
            "p(99)": 3.8172659399999995,
            "avg": 0.1282585149206349,
            "min": 0,
            "med": 0,
            "max": 4.719284,
            "p(90)": 0,
            "p(95)": 0.19045059999999983
        },
        "http_req_tls_handshaking": {
            "min": 0,
            "med": 0,
            "max": 0,
            "p(90)": 0,
            "p(95)": 0,
            "p(99)": 0,
            "avg": 0
        },
        "http_req_failed": {
            "passes": 0,
            "fails": 1575,
            "thresholds": {
                "rate<0.01": false
            },
            "value": 0
        },
        "data_sent": {
            "count": 954101,
            "rate": 30484.796615449315
        },
        "http_req_duration": {
            "p(95)": 1120.8040836,
            "p(99)": 3336.709278799999,
            "avg": 945.7175425130164,
            "min": 31.149767,
            "med": 921.593721,
            "max": 5322.88722,
            "p(90)": 1008.4549443999999,
            "thresholds": {
                "p(95)<2000": false
            }
        },
        "operation_requests": {
            "rate": 50.323345923893456,
            "count": 1575
        },
        "data_received": {
            "count": 1240634,
            "rate": 39639.90726790072
        },
        "operation_bytes": {
            "rate": 33295.075911154745,
            "count": 1042056
        },
        "vus": {
            "value": 38,
            "min": 38,
            "max": 100
        },
        "http_reqs": {
            "count": 1575,
            "rate": 50.323345923893456
        },
        "iterations": {
            "count": 1575,
            "rate": 50.323345923893456
        },
        "http_req_duration{expected_response:true}": {
            "avg": 945.7175425130164,
            "min": 31.149767,
            "med": 921.593721,
            "max": 5322.88722,
            "p(90)": 1008.4549443999999,
            "p(95)": 1120.8040836,
            "p(99)": 3336.709278799999
        },
        "http_req_waiting": {
            "p(99)": 3336.424454999999,
            "avg": 945.516343625396,
            "min": 30.690803,
            "med": 921.462221,
            "max": 5322.699437,
            "p(90)": 1008.3604272,
            "p(95)": 1120.7035778
        }
    },
    "root_group": {
        "checks": {
            "status is 200": {
                "id": "6210a8cd14cd70477eba5c5e4cb3fb5f",
                "passes": 1575,
                "fails": 0,
                "name": "status is 200",
                "path": "::status is 200"
            },
            "graphql has no errors": {
                "name": "graphql has no errors",
                "path": "::graphql has no errors",
                "id": "a51792f93b5c8e532ce92a5e740eaace",
                "passes": 1575,
                "fails": 0
            },
            "order has items": {
                "name": "order has items",
                "path": "::order has items",
                "id": "2f70d417f4219645a0a93a98efade30e",
                "passes": 1575,
                "fails": 0
            }
        },
        "name": "",
        "path": "",
        "id": "d41d8cd98f00b204e9800998ecf8427e",
        "groups": {}
    }
}