{
    "root_group": {
        "name": "",
        "path": "",
        "id": "d41d8cd98f00b204e9800998ecf8427e",
        "groups": {},
        "checks": {
                "status is 200": {
                    "fails": 0,
                    "name": "status is 200",
                    "path": "::status is 200",
                    "id": "6210a8cd14cd70477eba5c5e4cb3fb5f",
                    "passes": 1439
                },
                "graphql has no errors": {
                    "path": "::graphql has no errors",
                    "id": "a51792f93b5c8e532ce92a5e740eaace",
                    "passes": 1439,
                    "fails": 0,
                    "name": "graphql has no errors"
                },
                "products are returned": {
                    "fails": 0,
                    "name": "products are returned",
                    "path": "::products are returned",
                    "id": "2e79ed563e9d264b11976259f63ea025",
                    "passes": 1439
                }
            }
    },
    "metrics": {
        "http_req_duration{expected_response:true}": {
            "avg": 52.34092880820003,
            "min": 6.168679,
            "med": 45.646656,
            "max": 401.167334,
            "p(90)": 74.22619500000003,
            "p(95)": 103.55064209999999,
            "p(99)": 285.7252670999989
        },
        "http_req_connecting": {
            "p(95)": 0,
            "p(99)": 0.7571917199999955,
            "avg": 0.018458130646282142,
            "min": 0,
            "med": 0,
            "max": 1.750527,
            "p(90)": 0
        },
        "iteration_duration": {
            "avg": 1053.4489885170244,
            "min": 1006.724041,
            "med": 1047.052346,
            "max": 1404.743934,
            "p(90)": 1075.2482092,
            "p(95)": 1105.0959693,
            "p(99)": 1287.0791337599987
        },
        "http_req_sending": {
            "med": 0.026721,
            "max": 1.966361,
            "p(90)": 0.0471632,
            "p(95)": 0.06180329999999997,
            "p(99)": 0.31580763999999967,
            "avg": 0.03808092008339126,
            "min": 0.007421
        },
        "http_reqs": {
            "count": 1439,
            "rate": 47.040588962640996
        },
        "operation_duration": {
            "avg": 52.34092880820003,
            "min": 6.168679,
            "med": 45.646656,
            "max": 401.167334,
            "p(90)": 74.22619500000003,
            "p(95)": 103.55064209999999,
            "p(99)": 285.7252670999989
        },
        "http_req_failed": {
            "passes": 0,
            "fails": 1439,
            "thresholds": {
                "rate<0.01": false
            },
            "value": 0
        },
        "data_sent": {
            "count": 533713,
            "rate": 17446.958899943027
        },
        "http_req_receiving": {
            "avg": 0.07264619457956921,
            "min": 0.018605,
            "med": 0.059805,
            "max": 1.177255,
            "p(90)": 0.113321,
            "p(95)": 0.14075229999999997,
            "p(99)": 0.28895187999999855
        },
        "checks": {
            "passes": 4317,
            "fails": 0,
            "value": 1
        },
        "http_req_duration": {
            "avg": 52.34092880820003,
            "min": 6.168679,
            "med": 45.646656,
            "max": 401.167334,
            "p(90)": 74.22619500000003,
            "p(95)": 103.55064209999999,
            "p(99)": 285.7252670999989,
            "thresholds": {
                "p(95)<2000": false
            }
        },
        "operation_success": {
            "passes": 1439,
            "fails": 0,
            "thresholds": {
                "rate>0.99": false
            },
            "value": 1
        },
        "http_req_blocked": {
            "min": 0.002243,
            "med": 0.006717,
            "max": 1.820809,
            "p(90)": 0.011397800000000003,
            "p(95)": 0.031476399999999856,
            "p(99)": 0.892128139999993,
            "avg": 0.029184150799166125
        },
        "iterations": {
            "count": 1439,
            "rate": 47.040588962640996
        },
        "http_req_tls_handshaking": {
            "min": 0,
            "med": 0,
            "max": 0,
            "p(90)": 0,
            "p(95)": 0,
            "p(99)": 0,
            "avg": 0
        },
        "operation_requests": {
            "count": 1439,
            "rate": 47.040588962640996
        },
        "vus": {
            "value": 50,
            "min": 50,
            "max": 50
        },
        "vus_max": {
            "value": 50,
            "min": 50,
            "max": 50
        },
        "http_req_waiting": {
            "max": 401.062391,
            "p(90)": 74.14020120000004,
            "p(95)": 103.44653189999998,
            "p(99)": 285.61270795999894,
            "avg": 52.230201693537076,
            "min": 6.046795,
            "med": 45.581436
        },
        "operation_bytes": {
            "count": 1874003,
            "rate": 61260.739984542124
        },
        "data_received": {
            "count": 2056756,
            "rate": 67234.89478279754
        }
    }
}