{
    "metrics": {
        "operation_requests": {
            "count": 300,
            "rate": 9.732870214022865
        },
        "http_req_connecting": {
            "p(90)": 0,
            "p(95)": 0,
            "p(99)": 0.3915024299999997,
            "avg": 0.010460913333333334,
            "min": 0,
            "med": 0,
            "max": 0.462403
        },
        "data_sent": {
            "count": 111254,
            "rate": 3609.4024759696663
        },
        "operation_bytes": {
            "count": 390856,
            "rate": 12680.502401240403
        },
        "http_req_duration": {
            "p(99)": 78.45444875999989,
            "avg": 17.73705710333333,
            "min": 8.005874,
            "med": 12.477389500000001,
            "max": 109.536269,
            "p(90)": 29.02020130000004,
            "p(95)": 39.40319900000005,
            "thresholds": {
                "p(95)<2000": false
            }
        },
        "http_req_sending": {
            "p(95)": 0.08420610000000002,
            "p(99)": 0.15461550999999985,
            "avg": 0.04539793,
            "min": 0.01774,
            "med": 0.038988,
            "max": 0.406528,
            "p(90)": 0.06472710000000001
        },
        "data_received": {
            "count": 428956,
            "rate": 13916.576918421308
        },
        "http_reqs": {
            "count": 300,
            "rate": 9.732870214022865
        },
        "http_req_waiting": {
            "avg": 17.573784340000007,
            "min": 7.875691,
            "med": 12.325694,
            "max": 109.32571,
            "p(90)": 28.908004900000037,
            "p(95)": 39.30231595000004,
            "p(99)": 78.2617868499999
        },
        "operation_success": {
            "passes": 300,
            "fails": 0,
            "thresholds": {
                "rate>0.99": false
            },
            "value": 1
        },
        "http_req_blocked": {
            "med": 0.0088025,
            "max": 0.758394,
            "p(90)": 0.013132300000000005,
            "p(95)": 0.03265815000000003,
            "p(99)": 0.5160545499999993,
            "avg": 0.026066329999999988,
            "min": 0.004053
        },
        "http_req_receiving": {
            "p(95)": 0.19097830000000013,
            "p(99)": 0.26109314,
            "avg": 0.11787483333333339,
            "min": 0.050719,
            "med": 0.1108005,
            "max": 0.325288,
            "p(90)": 0.15662100000000004
        },
        "checks": {
            "passes": 900,
            "fails": 0,
            "value": 1
        },
        "http_req_duration{expected_response:true}": {
            "med": 12.477389500000001,
            "max": 109.536269,
            "p(90)": 29.02020130000004,
            "p(95)": 39.40319900000005,
            "p(99)": 78.45444875999989,
            "avg": 17.73705710333333,
            "min": 8.005874
        },
        "operation_duration": {
            "avg": 17.73705710333333,
            "min": 8.005874,
            "med": 12.477389500000001,
            "max": 109.536269,
            "p(90)": 29.02020130000004,
            "p(95)": 39.40319900000005,
            "p(99)": 78.45444875999989
        },
        "http_req_failed": {
            "passes": 0,
            "fails": 300,
            "thresholds": {
                "rate<0.01": false
            },
            "value": 0
        },
        "vus": {
            "value": 10,
            "min": 10,
            "max": 10
        },
        "http_req_tls_handshaking": {
            "p(95)": 0,
            "p(99)": 0,
            "avg": 0,
            "min": 0,
            "med": 0,
            "max": 0,
            "p(90)": 0
        },
        "vus_max": {
            "max": 10,
            "value": 10,
            "min": 10
        },
        "iterations": {
            "rate": 9.732870214022865,
            "count": 300
        },
        "iteration_duration": {
            "min": 1008.529091,
            "med": 1013.7550555,
            "max": 1111.237414,
            "p(90)": 1030.2651591,
            "p(95)": 1040.39667525,
            "p(99)": 1081.28030473,
            "avg": 1018.8941526733337
        }
    },
    "root_group": {
        "name": "",
        "path": "",
        "id": "d41d8cd98f00b204e9800998ecf8427e",
        "groups": {},
        "checks": {
                "status is 200": {
                    "name": "status is 200",
                    "path": "::status is 200",
                    "id": "6210a8cd14cd70477eba5c5e4cb3fb5f",
                    "passes": 300,
                    "fails": 0
                },
                "graphql has no errors": {
                    "path": "::graphql has no errors",
                    "id": "a51792f93b5c8e532ce92a5e740eaace",
                    "passes": 300,
                    "fails": 0,
                    "name": "graphql has no errors"
                },
                "products are returned": {
                    "name": "products are returned",
                    "path": "::products are returned",
                    "id": "2e79ed563e9d264b11976259f63ea025",
                    "passes": 300,
                    "fails": 0
                }
            }
    }
}