{
    "root_group": {
        "checks": {
            "status is 200": {
                "name": "status is 200",
                "path": "::status is 200",
                "id": "6210a8cd14cd70477eba5c5e4cb3fb5f",
                "passes": 300,
                "fails": 0
            },
            "graphql has no errors": {
                "id": "a51792f93b5c8e532ce92a5e740eaace",
                "passes": 300,
                "fails": 0,
                "name": "graphql has no errors",
                "path": "::graphql has no errors"
            },
            "product has requested fields": {
                "name": "product has requested fields",
                "path": "::product has requested fields",
                "id": "ed8763706183a5cc2f93ad49e382cadb",
                "passes": 300,
                "fails": 0
            }
        },
        "name": "",
        "path": "",
        "id": "d41d8cd98f00b204e9800998ecf8427e",
        "groups": {}
    },
    "metrics": {
        "operation_bytes": {
            "count": 25412,
            "rate": 831.2421361419532
        },
        "http_req_duration{expected_response:true}": {
            "p(99)": 60.80256513,
            "avg": 13.931835939999997,
            "min": 5.480086,
            "med": 10.8723615,
            "max": 68.680364,
            "p(90)": 21.310818000000012,
            "p(95)": 25.971661350000005
        },
        "data_received": {
            "count": 62915,
            "rate": 2057.9883124260577
        },
        "vus": {
            "value": 10,
            "min": 10,
            "max": 10
        },
        "operation_requests": {
            "count": 300,
            "rate": 9.813184355524395
        },
        "data_sent": {
            "count": 93863,
            "rate": 3070.3164105419546
        },
        "iteration_duration": {
            "avg": 1014.95250532,
            "min": 1006.150607,
            "med": 1012.0069805,
            "max": 1069.753591,
            "p(90)": 1022.3928953,
            "p(95)": 1026.81877435,
            "p(99)": 1061.94209221
        },
        "http_req_waiting": {
            "max": 68.526802,
            "p(90)": 21.18257300000001,
            "p(95)": 25.809660850000004,
            "p(99)": 60.721106219999996,
            "avg": 13.787892413333344,
            "min": 5.395927,
            "med": 10.686484
        },
        "http_req_blocked": {
            "avg": 0.017349356666666666,
            "min": 0.003287,
            "med": 0.008320999999999999,
            "max": 0.395634,
            "p(90)": 0.0121567,
            "p(95)": 0.024943000000000045,
            "p(99)": 0.28364335999999996
        },
        "http_req_duration": {
            "avg": 13.931835939999997,
            "min": 5.480086,
            "med": 10.8723615,
            "max": 68.680364,
            "p(90)": 21.310818000000012,
            "p(95)": 25.971661350000005,
            "p(99)": 60.80256513,
            "thresholds": {
                "p(95)<2000": false
            }
        },
        "operation_success": {
            "passes": 300,
            "fails": 0,
            "thresholds": {
                "rate>0.99": false
            },
            "value": 1
        },
        "http_req_sending": {
            "avg": 0.05350576000000001,
            "min": 0.012269,
            "med": 0.0361545,
            "max": 3.972162,
            "p(90)": 0.06152270000000002,
            "p(95)": 0.07227595000000005,
            "p(99)": 0.15321424999999902
        },
        "iterations": {
            "count": 300,
            "rate": 9.813184355524395
        },
        "checks": {
            "fails": 0,
            "passes": 900,
            "value": 1
        },
        "http_req_receiving": {
            "p(99)": 0.2683331,
            "avg": 0.09043776666666661,
            "min": 0.028498,
            "med": 0.08067099999999999,
            "max": 0.306377,
            "p(90)": 0.13416710000000004,
            "p(95)": 0.14931560000000008
        },
        "vus_max": {
            "value": 10,
            "min": 10,
            "max": 10
        },
        "http_req_tls_handshaking": {
            "max": 0,
            "p(90)": 0,
            "p(95)": 0,
            "p(99)": 0,
            "avg": 0,
            "min": 0,
            "med": 0
        },
        "http_reqs": {
            "rate": 9.813184355524395,
            "count": 300
        },
        "http_req_connecting": {
            "max": 0.270966,
            "p(90)": 0,
            "p(95)": 0,
            "p(99)": 0.16835187999999993,
            "avg": 0.00422269,
            "min": 0,
            "med": 0
        },
        "http_req_failed": {
            "passes": 0,
            "fails": 300,
            "thresholds": {
                "rate<0.01": false
            },
            "value": 0
        },
        "operation_duration": {
            "max": 68.680364,
            "p(90)": 21.310818000000012,
            "p(95)": 25.971661350000005,
            "p(99)": 60.80256513,
            "avg": 13.931835939999997,
            "min": 5.480086,
            "med": 10.8723615
        }
    }
}