{
    "root_group": {
        "name": "",
        "path": "",
        "id": "d41d8cd98f00b204e9800998ecf8427e",
        "groups": {},
        "checks": {
                "status is 200": {
                    "path": "::status is 200",
                    "id": "6210a8cd14cd70477eba5c5e4cb3fb5f",
                    "passes": 1335,
                    "fails": 0,
                    "name": "status is 200"
                },
                "graphql has no errors": {
                    "name": "graphql has no errors",
                    "path": "::graphql has no errors",
                    "id": "a51792f93b5c8e532ce92a5e740eaace",
                    "passes": 1335,
                    "fails": 0
                },
                "customer orders is an array": {
                    "fails": 0,
                    "name": "customer orders is an array",
                    "path": "::customer orders is an array",
                    "id": "2a5eec50bd56aa7c6b1f1542987c83ac",
                    "passes": 1335
                }
            }
    },
    "metrics": {
        "http_req_sending": {
            "med": 0.026062,
            "max": 1.117869,
            "p(90)": 0.051611600000000035,
            "p(95)": 0.11606869999999997,
            "p(99)": 0.36757342000000154,
            "avg": 0.04223326292134836,
            "min": 0.007661
        },
        "iterations": {
            "count": 1335,
            "rate": 43.20043030020621
        },
        "checks": {
            "passes": 4005,
            "fails": 0,
            "value": 1
        },
        "operation_bytes": {
            "count": 4052217,
            "rate": 131129.2270185848
        },
        "http_req_duration": {
            "min": 15.21212,
            "med": 138.507156,
            "max": 869.832928,
            "p(90)": 219.070535,
            "p(95)": 235.2049467,
            "p(99)": 665.541200340001,
            "avg": 142.53809292359554,
            "thresholds": {
                "p(95)<2000": false
            }
        },
        "operation_success": {
            "fails": 0,
            "passes": 1335,
            "thresholds": {
                "rate>0.99": false
            },
            "value": 1
        },
        "vus_max": {
            "value": 50,
            "min": 50,
            "max": 50
        },
        "http_req_receiving": {
            "avg": 0.07367527790262175,
            "min": 0.018396,
            "med": 0.061747,
            "max": 1.172669,
            "p(90)": 0.11729780000000006,
            "p(95)": 0.14978479999999997,
            "p(99)": 0.3137622000000019
        },
        "http_req_failed": {
            "passes": 0,
            "fails": 1335,
            "thresholds": {
                "rate<0.01": false
            },
            "value": 0
        },
        "iteration_duration": {
            "avg": 1143.7579893393274,
            "min": 1015.853215,
            "med": 1139.784315,
            "max": 1872.806393,
            "p(90)": 1220.552735,
            "p(95)": 1236.1321926,
            "p(99)": 1667.462085720001
        },
        "http_req_blocked": {
            "avg": 0.07250691835205984,
            "min": 0.002083,
            "med": 0.006511,
            "max": 3.860892,
            "p(90)": 0.010907800000000006,
            "p(95)": 0.02774899999999994,
            "p(99)": 2.3432547000000086
        },
        "data_sent": {
            "count": 848958,
            "rate": 27472.172963896977
        },
        "data_received": {
            "count": 4221676,
            "rate": 136612.89871764297
        },
        "vus": {
            "value": 50,
            "min": 50,
            "max": 50
        },
        "operation_duration": {
            "avg": 142.53809292359554,
            "min": 15.21212,
            "med": 138.507156,
            "max": 869.832928,
            "p(90)": 219.070535,
            "p(95)": 235.2049467,
            "p(99)": 665.541200340001
        },
        "operation_requests": {
            "count": 1335,
            "rate": 43.20043030020621
        },
        "http_req_duration{expected_response:true}": {
            "p(99)": 665.541200340001,
            "avg": 142.53809292359554,
            "min": 15.21212,
            "med": 138.507156,
            "max": 869.832928,
            "p(90)": 219.070535,
            "p(95)": 235.2049467
        },
        "http_req_connecting": {
            "avg": 0.06006360224719101,
            "min": 0,
            "med": 0,
            "max": 3.313029,
            "p(90)": 0,
            "p(95)": 0,
            "p(99)": 2.167076060000012
        },
        "http_req_tls_handshaking": {
            "min": 0,
            "med": 0,
            "max": 0,
            "p(90)": 0,
            "p(95)": 0,
            "p(99)": 0,
            "avg": 0
        },
        "http_req_waiting": {
            "avg": 142.42218438277172,
            "min": 15.084712,
            "med": 138.395555,
            "max": 869.595368,
            "p(90)": 218.9638786,
            "p(95)": 235.1540964,
            "p(99)": 665.1435207600009
        },
        "http_reqs": {
            "count": 1335,
            "rate": 43.20043030020621
        }
    }
}