{
    "metrics": {
        "http_req_receiving": {
            "avg": 0.09397386000000006,
            "min": 0.030526,
            "med": 0.08678849999999999,
            "max": 0.4342,
            "p(90)": 0.1297422,
            "p(95)": 0.15253930000000002,
            "p(99)": 0.28463971
        },
        "http_req_connecting": {
            "avg": 0.005374770000000001,
            "min": 0,
            "med": 0,
            "max": 0.264563,
            "p(90)": 0,
            "p(95)": 0,
            "p(99)": 0.20106597999999992
        },
        "http_req_blocked": {
            "max": 0.328543,
            "p(90)": 0.011281200000000002,
            "p(95)": 0.03135465000000002,
            "p(99)": 0.3127786,
            "avg": 0.01645616333333332,
            "min": 0.002859,
            "med": 0.0067485
        },
        "http_req_sending": {
            "min": 0.009019,
            "med": 0.0300935,
            "max": 0.285267,
            "p(90)": 0.05348410000000001,
            "p(95)": 0.06740960000000006,
            "p(99)": 0.14477049999999997,
            "avg": 0.03638213666666665
        },
        "vus": {
            "value": 10,
            "min": 10,
            "max": 10
        },
        "iterations": {
            "count": 300,
            "rate": 9.728965090290465
        },
        "http_req_waiting": {
            "max": 138.563732,
            "p(90)": 44.845817900000014,
            "p(95)": 58.17561355,
            "p(99)": 100.52201421999989,
            "avg": 24.73323774333336,
            "min": 10.794343,
            "med": 19.114624
        },
        "http_req_duration{expected_response:true}": {
            "p(95)": 58.24409105,
            "p(99)": 100.65280205999989,
            "avg": 24.863593740000006,
            "min": 10.896367,
            "med": 19.2317465,
            "max": 138.716181,
            "p(90)": 45.00234430000001
        },
        "operation_bytes": {
            "count": 199579,
            "rate": 6472.323745850269
        },
        "http_reqs": {
            "count": 300,
            "rate": 9.728965090290465
        },
        "operation_requests": {
            "count": 300,
            "rate": 9.728965090290465
        },
        "data_sent": {
            "count": 181740,
            "rate": 5893.807051697964
        },
        "iteration_duration": {
            "p(99)": 1101.59929359,
            "avg": 1025.8969099000003,
            "min": 1011.547342,
            "med": 1020.080213,
            "max": 1140.357711,
            "p(90)": 1046.2388581,
            "p(95)": 1059.2812875999998
        },
        "operation_duration": {
            "avg": 24.863593740000006,
            "min": 10.896367,
            "med": 19.2317465,
            "max": 138.716181,
            "p(90)": 45.00234430000001,
            "p(95)": 58.24409105,
            "p(99)": 100.65280205999989
        },
        "http_req_duration": {
            "max": 138.716181,
            "p(90)": 45.00234430000001,
            "p(95)": 58.24409105,
            "p(99)": 100.65280205999989,
            "avg": 24.863593740000006,
            "min": 10.896367,
            "med": 19.2317465,
            "thresholds": {
                "p(95)<2000": false
            }
        },
        "vus_max": {
            "value": 10,
            "min": 10,
            "max": 10
        },
        "data_received": {
            "count": 237406,
            "rate": 7699.048954084994
        },
        "http_req_failed": {
            "passes": 0,
            "fails": 300,
            "thresholds": {
                "rate<0.01": false
            },
            "value": 0
        },
        "http_req_tls_handshaking": {
            "avg": 0,
            "min": 0,
            "med": 0,
            "max": 0,
            "p(90)": 0,
            "p(95)": 0,
            "p(99)": 0
        },
        "operation_success": {
            "passes": 300,
            "fails": 0,
            "thresholds": {
                "rate>0.99": false
            },
            "value": 1
        },
        "checks": {
            "passes": 900,
            "fails": 0,
            "value": 1
        }
    },
    "root_group": {
        "name": "",
        "path": "",
        "id": "d41d8cd98f00b204e9800998ecf8427e",
        "groups": {},
        "checks": {
                "status is 200": {
                    "name": "status is 200",
                    "path": "::status is 200",
                    "id": "6210a8cd14cd70477eba5c5e4cb3fb5f",
                    "passes": 300,
                    "fails": 0
                },
                "graphql has no errors": {
                    "name": "graphql has no errors",
                    "path": "::graphql has no errors",
                    "id": "a51792f93b5c8e532ce92a5e740eaace",
                    "passes": 300,
                    "fails": 0
                },
                "order has items": {
                    "name": "order has items",
                    "path": "::order has items",
                    "id": "2f70d417f4219645a0a93a98efade30e",
                    "passes": 300,
                    "fails": 0
                }
            }
    }
}