{
    "metrics": {
        "iterations": {
            "count": 300,
            "rate": 9.864819568284018
        },
        "operation_bytes": {
            "count": 2283004,
            "rate": 75071.40844556896
        },
        "vus": {
            "value": 10,
            "min": 10,
            "max": 10
        },
        "http_req_tls_handshaking": {
            "p(99)": 0,
            "avg": 0,
            "min": 0,
            "med": 0,
            "max": 0,
            "p(90)": 0,
            "p(95)": 0
        },
        "checks": {
            "passes": 900,
            "fails": 0,
            "value": 1
        },
        "iteration_duration": {
            "p(95)": 1024.2175804,
            "p(99)": 1029.84542597,
            "avg": 1013.2372652633333,
            "min": 1003.434672,
            "med": 1012.4606054999999,
            "max": 1032.469044,
            "p(90)": 1020.706993
        },
        "operation_success": {
            "fails": 0,
            "passes": 300,
            "thresholds": {
                "rate>0.99": false
            },
            "value": 1
        },
        "http_req_waiting": {
            "p(90)": 19.5686873,
            "p(95)": 22.7213499,
            "p(99)": 28.317633859999987,
            "avg": 12.105836546666664,
            "min": 2.555751,
            "med": 11.317524500000001,
            "max": 31.877455
        },
        "http_reqs": {
            "count": 300,
            "rate": 9.864819568284018
        },
        "http_req_receiving": {
            "med": 0.0821785,
            "max": 0.375739,
            "p(90)": 0.12886730000000005,
            "p(95)": 0.15249825,
            "p(99)": 0.19680385,
            "avg": 0.08776679999999999,
            "min": 0.034763
        },
        "operation_requests": {
            "count": 300,
            "rate": 9.864819568284018
        },
        "vus_max": {
            "value": 10,
            "min": 10,
            "max": 10
        },
        "data_sent": {
            "count": 37167,
            "rate": 1222.152496314707
        },
        "data_received": {
            "count": 2321104,
            "rate": 76324.24053074102
        },
        "http_req_failed": {
            "passes": 0,
            "fails": 300,
            "thresholds": {
                "rate<0.01": false
            },
            "value": 0
        },
        "http_req_connecting": {
            "p(95)": 0,
            "p(99)": 0.22531122999999992,
            "avg": 0.0053778133333333335,
            "min": 0,
            "med": 0,
            "max": 0.245952,
            "p(90)": 0
        },
        "http_req_duration": {
            "max": 31.970677,
            "p(90)": 19.6993131,
            "p(95)": 22.8311268,
            "p(99)": 28.462322579999988,
            "avg": 12.219243996666664,
            "min": 2.660238,
            "med": 11.431455,
            "thresholds": {
                "p(95)<2000": false
            }
        },
        "http_req_blocked": {
            "max": 0.399282,
            "p(90)": 0.011600000000000003,
            "p(95)": 0.03449955000000001,
            "p(99)": 0.33578677999999984,
            "avg": 0.01746369,
            "min": 0.002049,
            "med": 0.00736
        },
        "http_req_sending": {
            "p(90)": 0.0390459,
            "p(95)": 0.049650000000000014,
            "p(99)": 0.07437457999999998,
            "avg": 0.02564065,
            "min": 0.007266,
            "med": 0.024127500000000003,
            "max": 0.111279
        },
        "http_req_duration{expected_response:true}": {
            "med": 11.431455,
            "max": 31.970677,
            "p(90)": 19.6993131,
            "p(95)": 22.8311268,
            "p(99)": 28.462322579999988,
            "avg": 12.219243996666664,
            "min": 2.660238
        },
        "operation_duration": {
            "p(99)": 28.462322579999988,
            "avg": 12.219243996666664,
            "min": 2.660238,
            "med": 11.431455,
            "max": 31.970677,
            "p(90)": 19.6993131,
            "p(95)": 22.8311268
        }
    },
    "root_group": {
        "name": "",
        "path": "",
        "id": "d41d8cd98f00b204e9800998ecf8427e",
        "groups": {},
        "checks": {
                "status is 200": {
                    "name": "status is 200",
                    "path": "::status is 200",
                    "id": "6210a8cd14cd70477eba5c5e4cb3fb5f",
                    "passes": 300,
                    "fails": 0
                },
                "products is an array": {
                    "name": "products is an array",
                    "path": "::products is an array",
                    "id": "b5ee112a5c7d674e27ddf70517649383",
                    "passes": 300,
                    "fails": 0
                },
                "products are returned": {
                    "id": "2e79ed563e9d264b11976259f63ea025",
                    "passes": 300,
                    "fails": 0,
                    "name": "products are returned",
                    "path": "::products are returned"
                }
            }
    }
}