{
    "root_group": {
        "groups": {},
        "checks": {
                "status is 200": {
                    "name": "status is 200",
                    "path": "::status is 200",
                    "id": "6210a8cd14cd70477eba5c5e4cb3fb5f",
                    "passes": 300,
                    "fails": 0
                },
                "products is an array": {
                    "name": "products is an array",
                    "path": "::products is an array",
                    "id": "b5ee112a5c7d674e27ddf70517649383",
                    "passes": 300,
                    "fails": 0
                },
                "products are returned": {
                    "name": "products are returned",
                    "path": "::products are returned",
                    "id": "2e79ed563e9d264b11976259f63ea025",
                    "passes": 300,
                    "fails": 0
                }
            },
        "name": "",
        "path": "",
        "id": "d41d8cd98f00b204e9800998ecf8427e"
    },
    "metrics": {
        "http_req_connecting": {
            "p(99)": 0.23052003999999995,
            "avg": 0.007688363333333334,
            "min": 0,
            "med": 0,
            "max": 0.488421,
            "p(90)": 0,
            "p(95)": 0
        },
        "iterations": {
            "rate": 9.877667224994562,
            "count": 300
        },
        "http_req_duration{expected_response:true}": {
            "p(95)": 17.647389200000006,
            "p(99)": 58.65889727999998,
            "avg": 9.63863683000001,
            "min": 3.925255,
            "med": 7.5398215,
            "max": 66.862766,
            "p(90)": 13.03272440000001
        },
        "vus": {
            "value": 10,
            "min": 10,
            "max": 10
        },
        "vus_max": {
            "value": 10,
            "min": 10,
            "max": 10
        },
        "operation_duration": {
            "p(90)": 13.03272440000001,
            "p(95)": 17.647389200000006,
            "p(99)": 58.65889727999998,
            "avg": 9.638636830000012,
            "min": 3.925255,
            "med": 7.5398215,
            "max": 66.862766
        },
        "checks": {
            "passes": 900,
            "fails": 0,
            "value": 1
        },
        "operation_bytes": {
            "count": 2292686,
            "rate": 75487.96453134628
        },
        "http_req_duration": {
            "min": 3.925255,
            "med": 7.5398215,
            "max": 66.862766,
            "p(90)": 13.03272440000001,
            "p(95)": 17.647389200000006,
            "p(99)": 58.65889727999998,
            "avg": 9.63863683000001,
            "thresholds": {
                "p(95)<2000": false
            }
        },
        "http_req_failed": {
            "passes": 0,
            "fails": 300,
            "thresholds": {
                "rate<0.01": false
            },
            "value": 0
        },
        "http_reqs": {
            "count": 300,
            "rate": 9.877667224994562
        },
        "http_req_tls_handshaking": {
            "min": 0,
            "med": 0,
            "max": 0,
            "p(90)": 0,
            "p(95)": 0,
            "p(99)": 0,
            "avg": 0
        },
        "data_sent": {
            "count": 37163,
            "rate": 1223.6124902749098
        },
        "iteration_duration": {
            "p(95)": 1019.2918626000001,
            "p(99)": 1060.78094368,
            "avg": 1010.9463065866664,
            "min": 1004.818896,
            "med": 1008.823615,
            "max": 1068.722123,
            "p(90)": 1014.2727063000001
        },
        "http_req_blocked": {
            "med": 0.008986000000000001,
            "max": 1.202414,
            "p(90)": 0.0135718,
            "p(95)": 0.02650755000000008,
            "p(99)": 0.5634408799999954,
            "avg": 0.02928085666666666,
            "min": 0.004674
        },
        "http_req_receiving": {
            "p(95)": 0.2673774,
            "p(99)": 0.3604947099999998,
            "avg": 0.14656089666666666,
            "min": 0.052457,
            "med": 0.134617,
            "max": 0.744202,
            "p(90)": 0.20308040000000005
        },
        "data_received": {
            "count": 2330786,
            "rate": 76742.42826892059
        },
        "http_req_sending": {
            "p(99)": 0.1216840199999999,
            "avg": 0.03512322666666665,
            "min": 0.011167,
            "med": 0.030081,
            "max": 0.204856,
            "p(90)": 0.0493894,
            "p(95)": 0.06753355000000001
        },
        "http_req_waiting": {
            "p(95)": 17.507705000000005,
            "p(99)": 58.387697449999976,
            "avg": 9.456952706666666,
            "min": 3.784408,
            "med": 7.337521499999999,
            "max": 66.66947,
            "p(90)": 12.8739375
        },
        "operation_requests": {
            "count": 300,
            "rate": 9.877667224994562
        },
        "operation_success": {
            "passes": 300,
            "fails": 0,
            "thresholds": {
                "rate>0.99": false
            },
            "value": 1
        }
    }
}