{
    "root_group": {
        "checks": {
            "status is 200": {
                "id": "6210a8cd14cd70477eba5c5e4cb3fb5f",
                "passes": 2958,
                "fails": 0,
                "name": "status is 200",
                "path": "::status is 200"
            },
            "product has id": {
                "fails": 0,
                "name": "product has id",
                "path": "::product has id",
                "id": "ee7b4c5731586d8b240afecd98b25817",
                "passes": 2958
            },
            "product has over-fetched fields": {
                "fails": 0,
                "name": "product has over-fetched fields",
                "path": "::product has over-fetched fields",
                "id": "d17f81699837150d51cff629fea8f801",
                "passes": 2958
            }
        },
        "name": "",
        "path": "",
        "id": "d41d8cd98f00b204e9800998ecf8427e",
        "groups": {}
    },
    "metrics": {
        "vus_max": {
            "value": 100,
            "min": 100,
            "max": 100
        },
        "http_req_waiting": {
            "med": 10.705896,
            "max": 435.777809,
            "p(90)": 97.42215130000001,
            "p(95)": 140.18375295000004,
            "p(99)": 320.04571214999845,
            "avg": 33.36951459803912,
            "min": 3.438397
        },
        "operation_success": {
            "passes": 2958,
            "fails": 0,
            "thresholds": {
                "rate>0.99": false
            },
            "value": 1
        },
        "http_req_tls_handshaking": {
            "med": 0,
            "max": 0,
            "p(90)": 0,
            "p(95)": 0,
            "p(99)": 0,
            "avg": 0,
            "min": 0
        },
        "data_sent": {
            "rate": 10295.053764655491,
            "count": 319174
        },
        "iteration_duration": {
            "avg": 1034.681576308991,
            "min": 1003.899773,
            "med": 1012.02572,
            "max": 1438.399917,
            "p(90)": 1099.0364904,
            "p(95)": 1141.5803925999999,
            "p(99)": 1324.3674143399985
        },
        "iterations": {
            "count": 2958,
            "rate": 95.41118335406688
        },
        "http_req_duration": {
            "p(90)": 97.54706480000002,
            "p(95)": 140.33248230000004,
            "p(99)": 320.20851795999846,
            "avg": 33.51464668221765,
            "min": 3.527109,
            "med": 10.837633499999999,
            "max": 435.898155,
            "thresholds": {
                "p(95)<2000": false
            }
        },
        "vus": {
            "value": 6,
            "min": 6,
            "max": 100
        },
        "operation_bytes": {
            "count": 1120566,
            "rate": 36144.194755352706
        },
        "checks": {
            "fails": 0,
            "passes": 8874,
            "value": 1
        },
        "operation_requests": {
            "rate": 95.41118335406688,
            "count": 2958
        },
        "http_req_connecting": {
            "avg": 0.08117549391480729,
            "min": 0,
            "med": 0,
            "max": 4.3067,
            "p(90)": 0,
            "p(95)": 0,
            "p(99)": 3.137074959999993
        },
        "http_req_sending": {
            "avg": 0.04091616734279924,
            "min": 0.008217,
            "med": 0.0282815,
            "max": 1.494118,
            "p(90)": 0.050310400000000075,
            "p(95)": 0.08228510000000001,
            "p(99)": 0.41465771999999945
        },
        "http_req_blocked": {
            "avg": 0.0948580926301557,
            "min": 0.002972,
            "med": 0.008587999999999998,
            "max": 4.618132,
            "p(90)": 0.014542700000000002,
            "p(95)": 0.038178050000000026,
            "p(99)": 3.1875811599999944
        },
        "http_reqs": {
            "count": 2958,
            "rate": 95.41118335406688
        },
        "http_req_failed": {
            "passes": 0,
            "fails": 2958,
            "thresholds": {
                "rate<0.01": false
            },
            "value": 0
        },
        "http_req_duration{expected_response:true}": {
            "min": 3.527109,
            "med": 10.837633499999999,
            "max": 435.898155,
            "p(90)": 97.54706480000002,
            "p(95)": 140.33248230000004,
            "p(99)": 320.20851795999846,
            "avg": 33.51464668221765
        },
        "http_req_receiving": {
            "min": 0.027435,
            "med": 0.09519,
            "max": 1.225332,
            "p(90)": 0.14495540000000004,
            "p(95)": 0.18736425,
            "p(99)": 0.3057053399999992,
            "avg": 0.1042159168356998
        },
        "operation_duration": {
            "min": 3.527109,
            "med": 10.837633499999999,
            "max": 435.898155,
            "p(90)": 97.54706480000002,
            "p(95)": 140.33248230000004,
            "p(99)": 320.20851795999846,
            "avg": 33.51464668221765
        },
        "data_received": {
            "count": 1493274,
            "rate": 48166.00385796513
        }
    }
}