{
    "metrics": {
        "iteration_duration": {
            "p(90)": 1018.8393031,
            "p(95)": 1032.7783259,
            "p(99)": 1141.39348857,
            "avg": 1015.2097009206678,
            "min": 1002.894457,
            "med": 1010.0315445000001,
            "max": 1163.374028
        },
        "operation_bytes": {
            "rate": 18642.898653008207,
            "count": 571134
        },
        "vus_max": {
            "value": 50,
            "min": 50,
            "max": 50
        },
        "http_req_tls_handshaking": {
            "p(99)": 0,
            "avg": 0,
            "min": 0,
            "med": 0,
            "max": 0,
            "p(90)": 0,
            "p(95)": 0
        },
        "operation_success": {
            "passes": 1500,
            "fails": 0,
            "thresholds": {
                "rate>0.99": false
            },
            "value": 1
        },
        "checks": {
            "passes": 4500,
            "fails": 0,
            "value": 1
        },
        "vus": {
            "value": 50,
            "min": 50,
            "max": 50
        },
        "http_reqs": {
            "rate": 48.962849312967386,
            "count": 1500
        },
        "http_req_waiting": {
            "min": 2.348387,
            "med": 9.046276500000001,
            "max": 161.644789,
            "p(90)": 18.232927000000014,
            "p(95)": 31.79882844999995,
            "p(99)": 139.24290991999996,
            "avg": 14.178638268666667
        },
        "http_req_receiving": {
            "p(99)": 0.22900972,
            "avg": 0.07336293400000014,
            "min": 0.020623,
            "med": 0.065721,
            "max": 0.518139,
            "p(90)": 0.110542,
            "p(95)": 0.13461249999999994
        },
        "operation_duration": {
            "p(95)": 31.975952549999956,
            "p(99)": 139.54604481999996,
            "avg": 14.280167877333303,
            "min": 2.407896,
            "med": 9.1473255,
            "max": 161.790953,
            "p(90)": 18.305205400000016
        },
        "http_req_duration{expected_response:true}": {
            "max": 161.790953,
            "p(90)": 18.305205400000016,
            "p(95)": 31.975952549999956,
            "p(99)": 139.54604481999996,
            "avg": 14.280167877333303,
            "min": 2.407896,
            "med": 9.1473255
        },
        "iterations": {
            "count": 1500,
            "rate": 48.962849312967386
        },
        "http_req_duration": {
            "med": 9.1473255,
            "max": 161.790953,
            "p(90)": 18.305205400000016,
            "p(95)": 31.975952549999956,
            "p(99)": 139.54604481999996,
            "avg": 14.280167877333303,
            "min": 2.407896,
            "thresholds": {
                "p(95)<2000": false
            }
        },
        "http_req_failed": {
            "passes": 0,
            "fails": 1500,
            "thresholds": {
                "rate<0.01": false
            },
            "value": 0
        },
        "http_req_connecting": {
            "p(95)": 0,
            "p(99)": 1.3978953600000001,
            "avg": 0.03360459866666668,
            "min": 0,
            "med": 0,
            "max": 2.041932,
            "p(90)": 0
        },
        "http_req_sending": {
            "avg": 0.02816667466666667,
            "min": 0.006494,
            "med": 0.0202915,
            "max": 0.392144,
            "p(90)": 0.040893500000000055,
            "p(95)": 0.06522015,
            "p(99)": 0.19563872999999996
        },
        "operation_requests": {
            "rate": 48.962849312967386,
            "count": 1500
        },
        "http_req_blocked": {
            "max": 2.342543,
            "p(90)": 0.011275700000000001,
            "p(95)": 0.02947545,
            "p(99)": 1.5189796199999999,
            "avg": 0.04513260466666661,
            "min": 0.002154,
            "med": 0.006148
        },
        "data_sent": {
            "count": 161843,
            "rate": 5282.8629475723865
        },
        "data_received": {
            "count": 760134,
            "rate": 24812.2176664421
        }
    },
    "root_group": {
        "groups": {},
        "checks": {
                "status is 200": {
                    "id": "6210a8cd14cd70477eba5c5e4cb3fb5f",
                    "passes": 1500,
                    "fails": 0,
                    "name": "status is 200",
                    "path": "::status is 200"
                },
                "product has id": {
                    "fails": 0,
                    "name": "product has id",
                    "path": "::product has id",
                    "id": "ee7b4c5731586d8b240afecd98b25817",
                    "passes": 1500
                },
                "product has over-fetched fields": {
                    "path": "::product has over-fetched fields",
                    "id": "d17f81699837150d51cff629fea8f801",
                    "passes": 1500,
                    "fails": 0,
                    "name": "product has over-fetched fields"
                }
            },
        "name": "",
        "path": "",
        "id": "d41d8cd98f00b204e9800998ecf8427e"
    }
}