{
    "root_group": {
        "name": "",
        "path": "",
        "id": "d41d8cd98f00b204e9800998ecf8427e",
        "groups": {},
        "checks": {
                "status is 200": {
                    "passes": 300,
                    "fails": 0,
                    "name": "status is 200",
                    "path": "::status is 200",
                    "id": "6210a8cd14cd70477eba5c5e4cb3fb5f"
                },
                "products is an array": {
                    "passes": 300,
                    "fails": 0,
                    "name": "products is an array",
                    "path": "::products is an array",
                    "id": "b5ee112a5c7d674e27ddf70517649383"
                },
                "products are returned": {
                    "name": "products are returned",
                    "path": "::products are returned",
                    "id": "2e79ed563e9d264b11976259f63ea025",
                    "passes": 300,
                    "fails": 0
                }
            }
    },
    "metrics": {
        "http_req_receiving": {
            "p(90)": 0.15888020000000014,
            "p(95)": 0.20766875000000007,
            "p(99)": 0.2920080299999999,
            "avg": 0.10570434666666668,
            "min": 0.036526,
            "med": 0.09320149999999999,
            "max": 0.45703
        },
        "http_req_failed": {
            "passes": 0,
            "fails": 300,
            "thresholds": {
                "rate<0.01": false
            },
            "value": 0
        },
        "http_req_duration": {
            "avg": 10.26624147333333,
            "min": 2.875088,
            "med": 7.5313025,
            "max": 34.510488,
            "p(90)": 20.999504100000003,
            "p(95)": 24.843136100000002,
            "p(99)": 31.541685809999997,
            "thresholds": {
                "p(95)<2000": false
            }
        },
        "http_req_sending": {
            "max": 0.188603,
            "p(90)": 0.04443520000000003,
            "p(95)": 0.05732730000000002,
            "p(99)": 0.12687748,
            "avg": 0.030117989999999963,
            "min": 0.009624,
            "med": 0.0252275
        },
        "data_received": {
            "count": 2318084,
            "rate": 76330.59030986261
        },
        "operation_requests": {
            "count": 300,
            "rate": 9.878493226716023
        },
        "vus_max": {
            "value": 10,
            "min": 10,
            "max": 10
        },
        "iteration_duration": {
            "p(99)": 1033.2692183499998,
            "avg": 1011.4030941666674,
            "min": 1003.629607,
            "med": 1008.6443360000001,
            "max": 1035.86173,
            "p(90)": 1022.2080756,
            "p(95)": 1025.76453515
        },
        "http_req_blocked": {
            "med": 0.0077,
            "max": 0.539663,
            "p(90)": 0.01233360000000001,
            "p(95)": 0.028020900000000053,
            "p(99)": 0.47418222999999976,
            "avg": 0.021764713333333355,
            "min": 0.003407
        },
        "operation_duration": {
            "p(95)": 24.843136100000002,
            "p(99)": 31.541685809999997,
            "avg": 10.26624147333333,
            "min": 2.875088,
            "med": 7.5313025,
            "max": 34.510488,
            "p(90)": 20.999504100000003
        },
        "iterations": {
            "count": 300,
            "rate": 9.878493226716023
        },
        "http_reqs": {
            "count": 300,
            "rate": 9.878493226716023
        },
        "http_req_duration{expected_response:true}": {
            "p(90)": 20.999504100000003,
            "p(95)": 24.843136100000002,
            "p(99)": 31.541685809999997,
            "avg": 10.26624147333333,
            "min": 2.875088,
            "med": 7.5313025,
            "max": 34.510488
        },
        "http_req_connecting": {
            "p(95)": 0,
            "p(99)": 0.38448775999999973,
            "avg": 0.009744416666666665,
            "min": 0,
            "med": 0,
            "max": 0.479277,
            "p(90)": 0
        },
        "http_req_waiting": {
            "med": 7.4136125,
            "max": 34.247997,
            "p(90)": 20.901248300000002,
            "p(95)": 24.724379199999998,
            "p(99)": 31.357773639999998,
            "avg": 10.130419136666665,
            "min": 2.757746
        },
        "checks": {
            "passes": 900,
            "fails": 0,
            "value": 1
        },
        "data_sent": {
            "count": 37161,
            "rate": 1223.6489559933136
        },
        "vus": {
            "value": 10,
            "min": 10,
            "max": 10
        },
        "http_req_tls_handshaking": {
            "max": 0,
            "p(90)": 0,
            "p(95)": 0,
            "p(99)": 0,
            "avg": 0,
            "min": 0,
            "med": 0
        },
        "operation_bytes": {
            "count": 2279984,
            "rate": 75076.02167006968
        },
        "operation_success": {
            "passes": 300,
            "fails": 0,
            "thresholds": {
                "rate>0.99": false
            },
            "value": 1
        }
    }
}