{
    "root_group": {
        "checks": {
            "status is 200": {
                "id": "6210a8cd14cd70477eba5c5e4cb3fb5f",
                "passes": 1447,
                "fails": 0,
                "name": "status is 200",
                "path": "::status is 200"
            },
            "customer orders is an array": {
                "path": "::customer orders is an array",
                "id": "2a5eec50bd56aa7c6b1f1542987c83ac",
                "passes": 1447,
                "fails": 0,
                "name": "customer orders is an array"
            }
        },
        "name": "",
        "path": "",
        "id": "d41d8cd98f00b204e9800998ecf8427e",
        "groups": {}
    },
    "metrics": {
        "operation_requests": {
            "count": 1447,
            "rate": 46.68394038749834
        },
        "vus": {
            "value": 2,
            "min": 2,
            "max": 50
        },
        "http_req_receiving": {
            "p(90)": 0.19755160000000002,
            "p(95)": 0.24030860000000004,
            "p(99)": 0.33125991999999993,
            "avg": 0.13496063441603307,
            "min": 0.044829,
            "med": 0.12348,
            "max": 1.102351
        },
        "iterations": {
            "count": 1447,
            "rate": 46.68394038749834
        },
        "http_reqs": {
            "count": 1447,
            "rate": 46.68394038749834
        },
        "http_req_connecting": {
            "p(95)": 0,
            "p(99)": 0.6045591799999993,
            "avg": 0.016820422252937117,
            "min": 0,
            "med": 0,
            "max": 1.622729,
            "p(90)": 0
        },
        "operation_success": {
            "passes": 1447,
            "fails": 0,
            "thresholds": {
                "rate>0.99": false
            },
            "value": 1
        },
        "data_received": {
            "count": 12957210,
            "rate": 418032.9089345524
        },
        "http_req_sending": {
            "p(95)": 0.09648490000000001,
            "p(99)": 0.6147829799999993,
            "avg": 0.05824557843814785,
            "min": 0.010939,
            "med": 0.030428,
            "max": 4.193766,
            "p(90)": 0.05633380000000001
        },
        "vus_max": {
            "min": 50,
            "max": 50,
            "value": 50
        },
        "http_req_failed": {
            "passes": 0,
            "fails": 1447,
            "thresholds": {
                "rate<0.01": false
            },
            "value": 0
        },
        "operation_duration": {
            "med": 31.405196,
            "max": 691.911339,
            "p(90)": 82.39147400000007,
            "p(95)": 118.74482130000001,
            "p(99)": 602.4669815999995,
            "avg": 52.306706154802946,
            "min": 6.728494
        },
        "operation_bytes": {
            "count": 12772960,
            "rate": 412088.5302086391
        },
        "data_sent": {
            "count": 166283,
            "rate": 5364.71711088762
        },
        "iteration_duration": {
            "med": 1032.93517,
            "max": 1693.613355,
            "p(90)": 1083.7933400000002,
            "p(95)": 1120.0355007,
            "p(99)": 1604.6558047799995,
            "avg": 1053.6739976945391,
            "min": 1008.03169
        },
        "http_req_duration": {
            "med": 31.405196,
            "max": 691.911339,
            "p(90)": 82.39147400000007,
            "p(95)": 118.74482130000001,
            "p(99)": 602.4669815999995,
            "avg": 52.306706154802946,
            "min": 6.728494,
            "thresholds": {
                "p(95)<2000": false
            }
        },
        "http_req_blocked": {
            "p(90)": 0.014369200000000006,
            "p(95)": 0.039674900000000034,
            "p(99)": 0.8920772399999992,
            "avg": 0.03243040359364204,
            "min": 0.003112,
            "med": 0.00889,
            "max": 1.7557
        },
        "http_req_duration{expected_response:true}": {
            "avg": 52.306706154802946,
            "min": 6.728494,
            "med": 31.405196,
            "max": 691.911339,
            "p(90)": 82.39147400000007,
            "p(95)": 118.74482130000001,
            "p(99)": 602.4669815999995
        },
        "http_req_tls_handshaking": {
            "max": 0,
            "p(90)": 0,
            "p(95)": 0,
            "p(99)": 0,
            "avg": 0,
            "min": 0,
            "med": 0
        },
        "checks": {
            "fails": 0,
            "passes": 2894,
            "value": 1
        },
        "http_req_waiting": {
            "min": 6.606036,
            "med": 31.215579,
            "max": 691.670748,
            "p(90)": 82.17040620000007,
            "p(95)": 118.6113993,
            "p(99)": 602.1381751799995,
            "avg": 52.11349994194887
        }
    }
}