{
    "metrics": {
        "operation_duration": {
            "p(90)": 103.975773,
            "p(95)": 131.931949,
            "p(99)": 292.404879,
            "avg": 44.48712404722792,
            "min": 6.851959,
            "med": 25.850017,
            "max": 359.110294
        },
        "http_req_waiting": {
            "p(90)": 103.912577,
            "p(95)": 131.835657,
            "p(99)": 292.0353486,
            "avg": 44.375013089664584,
            "min": 6.665313,
            "med": 25.723154,
            "max": 359.052815
        },
        "http_req_blocked": {
            "p(99)": 1.8255440000000067,
            "avg": 0.04935011909650924,
            "min": 0.001915,
            "med": 0.006602,
            "max": 2.596187,
            "p(90)": 0.011884,
            "p(95)": 0.034889
        },
        "http_req_connecting": {
            "p(95)": 0,
            "p(99)": 1.583953600000025,
            "avg": 0.037657743326488705,
            "min": 0,
            "med": 0,
            "max": 2.437562,
            "p(90)": 0
        },
        "http_req_tls_handshaking": {
            "avg": 0,
            "min": 0,
            "med": 0,
            "max": 0,
            "p(90)": 0,
            "p(95)": 0,
            "p(99)": 0
        },
        "http_req_duration": {
            "med": 25.850017,
            "max": 359.110294,
            "p(90)": 103.975773,
            "p(95)": 131.931949,
            "p(99)": 292.404879,
            "avg": 44.48712404722792,
            "min": 6.851959,
            "thresholds": {
                "p(95)<2000": false
            }
        },
        "http_req_failed": {
            "passes": 0,
            "fails": 1461,
            "thresholds": {
                "rate<0.01": false
            },
            "value": 0
        },
        "http_req_receiving": {
            "max": 0.328989,
            "p(90)": 0.124941,
            "p(95)": 0.145978,
            "p(99)": 0.25954020000000066,
            "avg": 0.08259998220396984,
            "min": 0.022813,
            "med": 0.074819
        },
        "operation_bytes": {
            "count": 2564134,
            "rate": 82744.71294766369
        },
        "vus_max": {
            "value": 50,
            "min": 50,
            "max": 50
        },
        "operation_requests": {
            "count": 1461,
            "rate": 47.14653197396729
        },
        "operation_success": {
            "passes": 1461,
            "fails": 0,
            "thresholds": {
                "rate>0.99": false
            },
            "value": 1
        },
        "http_req_duration{expected_response:true}": {
            "p(90)": 103.975773,
            "p(95)": 131.931949,
            "p(99)": 292.404879,
            "avg": 44.48712404722792,
            "min": 6.851959,
            "med": 25.850017,
            "max": 359.110294
        },
        "iterations": {
            "count": 1461,
            "rate": 47.14653197396729
        },
        "checks": {
            "passes": 1461,
            "fails": 2922,
            "value": 0.3333333333333333
        },
        "http_reqs": {
            "count": 1461,
            "rate": 47.14653197396729
        },
        "http_req_sending": {
            "max": 0.844157,
            "p(90)": 0.041442,
            "p(95)": 0.06034,
            "p(99)": 0.16028860000000003,
            "avg": 0.029510975359342922,
            "min": 0.006242,
            "med": 0.021268
        },
        "vus": {
            "value": 50,
            "min": 50,
            "max": 50
        },
        "data_sent": {
            "rate": 4987.302785793752,
            "count": 154549
        },
        "iteration_duration": {
            "p(95)": 1132.833193,
            "p(99)": 1294.4251078,
            "avg": 1045.5296119801517,
            "min": 1007.425098,
            "med": 1026.759607,
            "max": 1359.744937,
            "p(90)": 1104.812554
        },
        "data_received": {
            "rate": 88722.73830575914,
            "count": 2749384
        }
    },
    "root_group": {
        "name": "",
        "path": "",
        "id": "d41d8cd98f00b204e9800998ecf8427e",
        "groups": {},
        "checks": {
                "status is 200": {
                    "name": "status is 200",
                    "path": "::status is 200",
                    "id": "6210a8cd14cd70477eba5c5e4cb3fb5f",
                    "passes": 1461,
                    "fails": 0
                },
                "customer orders is an array": {
                    "name": "customer orders is an array",
                    "path": "::customer orders is an array",
                    "id": "2a5eec50bd56aa7c6b1f1542987c83ac",
                    "passes": 0,
                    "fails": 1461
                },
                "customer has at least one order": {
                    "passes": 0,
                    "fails": 1461,
                    "name": "customer has at least one order",
                    "path": "::customer has at least one order",
                    "id": "ca57908d25c8cd34513cdcaf3b400b10"
                }
            }
    }
}