{
    "root_group": {
        "name": "",
        "path": "",
        "id": "d41d8cd98f00b204e9800998ecf8427e",
        "groups": {},
        "checks": {
                "status is 200": {
                    "name": "status is 200",
                    "path": "::status is 200",
                    "id": "6210a8cd14cd70477eba5c5e4cb3fb5f",
                    "passes": 816,
                    "fails": 235
                },
                "product has id": {
                    "name": "product has id",
                    "path": "::product has id",
                    "id": "ee7b4c5731586d8b240afecd98b25817",
                    "passes": 816,
                    "fails": 235
                },
                "product has over-fetched fields": {
                    "passes": 816,
                    "fails": 0,
                    "name": "product has over-fetched fields",
                    "path": "::product has over-fetched fields",
                    "id": "d17f81699837150d51cff629fea8f801"
                }
            }
    },
    "metrics": {
        "operation_duration": {
            "max": 30007.239348,
            "p(90)": 30000.827373,
            "p(95)": 30001.0530545,
            "p(99)": 30001.814277999998,
            "avg": 7380.801523495719,
            "min": 8.419871,
            "med": 290.692459
        },
        "http_req_receiving": {
            "avg": 0.08991514272121784,
            "min": 0,
            "med": 0.078262,
            "max": 2.827705,
            "p(90)": 0.14991,
            "p(95)": 0.189676,
            "p(99)": 0.32332099999999997
        },
        "data_received": {
            "count": 409050,
            "rate": 11715.891444125395
        },
        "iterations": {
            "count": 1051,
            "rate": 30.10243712938709
        },
        "http_req_blocked": {
            "med": 0.00928,
            "max": 7.661755,
            "p(90)": 0.508182,
            "p(95)": 0.8625959999999999,
            "p(99)": 2.770205,
            "avg": 0.18036716365366356,
            "min": 0.002401
        },
        "operation_bytes": {
            "count": 306234,
            "rate": 8771.0653966515
        },
        "http_req_duration": {
            "min": 8.419871,
            "med": 290.692459,
            "max": 30007.239348,
            "p(90)": 30000.827373,
            "p(95)": 30001.0530545,
            "p(99)": 30001.814277999998,
            "avg": 7380.801523495719,
            "thresholds": {
                "p(95)<2000": true
            }
        },
        "operation_success": {
            "fails": 235,
            "passes": 816,
            "thresholds": {
                "rate>0.99": true
            },
            "value": 0.7764034253092293
        },
        "http_req_duration{expected_response:true}": {
            "med": 229.2406755,
            "max": 29997.578587,
            "p(90)": 930.9847669999999,
            "p(95)": 1182.8657640000001,
            "p(99)": 29953.194047150002,
            "avg": 866.4357934338232,
            "min": 8.419871
        },
        "http_req_sending": {
            "p(90)": 0.300797,
            "p(95)": 0.5227325,
            "p(99)": 0.744953,
            "avg": 0.11336015889628918,
            "min": 0.006762,
            "med": 0.029087,
            "max": 4.422022
        },
        "operation_requests": {
            "count": 1051,
            "rate": 30.10243712938709
        },
        "http_req_waiting": {
            "avg": 7380.5982481941,
            "min": 8.200925,
            "med": 290.617987,
            "max": 30007.21342,
            "p(90)": 30000.79291,
            "p(95)": 30001.020034,
            "p(99)": 30001.7846975
        },
        "http_req_tls_handshaking": {
            "max": 0,
            "p(90)": 0,
            "p(95)": 0,
            "p(99)": 0,
            "avg": 0,
            "min": 0,
            "med": 0
        },
        "http_reqs": {
            "rate": 30.10243712938709,
            "count": 1051
        },
        "vus_max": {
            "value": 250,
            "min": 250,
            "max": 250
        },
        "iteration_duration": {
            "min": 1009.327336,
            "med": 1291.85477,
            "max": 30998.280654,
            "p(90)": 30001.574025,
            "p(95)": 30001.8766275,
            "p(99)": 30851.117286,
            "avg": 8158.435449925787
        },
        "checks": {
            "passes": 2448,
            "fails": 470,
            "value": 0.8389307745030843
        },
        "vus": {
            "value": 195,
            "min": 195,
            "max": 250
        },
        "data_sent": {
            "count": 113394,
            "rate": 3247.79805504255
        },
        "http_req_failed": {
            "passes": 235,
            "fails": 816,
            "thresholds": {
                "rate<0.01": true
            },
            "value": 0.22359657469077068
        },
        "http_req_connecting": {
            "p(99)": 1.1492835000000001,
            "avg": 0.13807039581351097,
            "min": 0,
            "med": 0,
            "max": 7.600569,
            "p(90)": 0.418145,
            "p(95)": 0.6988544999999999
        }
    }
}