{
    "root_group": {
        "groups": {},
        "checks": {
                "status is 200": {
                    "path": "::status is 200",
                    "id": "6210a8cd14cd70477eba5c5e4cb3fb5f",
                    "passes": 6928,
                    "fails": 0,
                    "name": "status is 200"
                },
                "products is an array": {
                    "path": "::products is an array",
                    "id": "b5ee112a5c7d674e27ddf70517649383",
                    "passes": 6928,
                    "fails": 0,
                    "name": "products is an array"
                },
                "products are returned": {
                    "name": "products are returned",
                    "path": "::products are returned",
                    "id": "2e79ed563e9d264b11976259f63ea025",
                    "passes": 6928,
                    "fails": 0
                }
            },
        "name": "",
        "path": "",
        "id": "d41d8cd98f00b204e9800998ecf8427e"
    },
    "metrics": {
        "http_req_receiving": {
            "p(90)": 0.1365905,
            "p(95)": 0.16263879999999994,
            "p(99)": 0.31956776999999614,
            "avg": 0.0978291769630484,
            "min": 0.028975,
            "med": 0.08689949999999999,
            "max": 7.471445
        },
        "http_req_duration": {
            "max": 1053.550735,
            "p(90)": 180.73772420000003,
            "p(95)": 236.89050824999993,
            "p(99)": 790.9643839999973,
            "avg": 97.5116554194569,
            "min": 3.566357,
            "med": 69.84117649999999,
            "thresholds": {
                "p(95)<2000": false
            }
        },
        "iteration_duration": {
            "p(99)": 1792.485952319998,
            "avg": 1098.7992868202957,
            "min": 1004.191747,
            "med": 1071.1321269999999,
            "max": 2069.611682,
            "p(90)": 1182.01646,
            "p(95)": 1238.95407
        },
        "http_req_connecting": {
            "p(99)": 1.5839915699999914,
            "avg": 0.05155161200923787,
            "min": 0,
            "med": 0,
            "max": 10.996258,
            "p(90)": 0,
            "p(95)": 0
        },
        "vus": {
            "value": 56,
            "min": 56,
            "max": 250
        },
        "http_req_duration{expected_response:true}": {
            "p(90)": 180.73772420000003,
            "p(95)": 236.89050824999993,
            "p(99)": 790.9643839999973,
            "avg": 97.5116554194569,
            "min": 3.566357,
            "med": 69.84117649999999,
            "max": 1053.550735
        },
        "operation_duration": {
            "med": 69.84117649999999,
            "max": 1053.550735,
            "p(90)": 180.73772420000003,
            "p(95)": 236.89050824999993,
            "p(99)": 790.9643839999973,
            "avg": 97.5116554194569,
            "min": 3.566357
        },
        "http_reqs": {
            "count": 6928,
            "rate": 223.37666958569966
        },
        "operation_success": {
            "passes": 6928,
            "fails": 0,
            "thresholds": {
                "rate>0.99": false
            },
            "value": 1
        },
        "operation_requests": {
            "rate": 223.37666958569966,
            "count": 6928
        },
        "data_sent": {
            "count": 858338,
            "rate": 27675.040966924116
        },
        "operation_bytes": {
            "count": 52769904,
            "rate": 1701438.425213206
        },
        "iterations": {
            "count": 6928,
            "rate": 223.37666958569966
        },
        "http_req_tls_handshaking": {
            "avg": 0,
            "min": 0,
            "med": 0,
            "max": 0,
            "p(90)": 0,
            "p(95)": 0,
            "p(99)": 0
        },
        "http_req_waiting": {
            "p(90)": 180.64058290000003,
            "p(95)": 236.4393080999998,
            "p(99)": 790.7741632799973,
            "avg": 97.31629474263839,
            "min": 3.471425,
            "med": 69.686971,
            "max": 1053.413411
        },
        "checks": {
            "passes": 20784,
            "fails": 0,
            "value": 1
        },
        "data_received": {
            "count": 53649760,
            "rate": 1729807.26225059
        },
        "http_req_failed": {
            "passes": 0,
            "fails": 6928,
            "thresholds": {
                "rate<0.01": false
            },
            "value": 0
        },
        "http_req_blocked": {
            "p(99)": 2.378393249999974,
            "avg": 0.07700340689953812,
            "min": 0.002392,
            "med": 0.007103,
            "max": 18.500619,
            "p(90)": 0.010995900000000001,
            "p(95)": 0.025864999999999957
        },
        "vus_max": {
            "value": 250,
            "min": 250,
            "max": 250
        },
        "http_req_sending": {
            "p(90)": 0.038478700000000005,
            "p(95)": 0.059828699999999985,
            "p(99)": 1.2572038799999943,
            "avg": 0.09753149985565844,
            "min": 0.007115,
            "med": 0.022288,
            "max": 21.767022
        }
    }
}