{
    "metrics": {
        "http_req_sending": {
            "max": 3.951239,
            "p(90)": 0.05197529999999999,
            "p(95)": 0.0950908499999998,
            "p(99)": 1.2695501299999994,
            "avg": 0.061163059550561824,
            "min": 0.008417,
            "med": 0.026404499999999997
        },
        "http_req_duration{expected_response:true}": {
            "p(90)": 211.5440182999999,
            "p(95)": 253.48687974999999,
            "p(99)": 856.4116877499999,
            "avg": 141.43261981535605,
            "min": 10.048747,
            "med": 121.21681749999999,
            "max": 1073.729575
        },
        "operation_requests": {
            "count": 2670,
            "rate": 85.99553488134804
        },
        "iterations": {
            "count": 2670,
            "rate": 85.99553488134804
        },
        "data_sent": {
            "count": 282457,
            "rate": 9097.393556547162
        },
        "iteration_duration": {
            "p(90)": 1212.8591789,
            "p(95)": 1256.2257528499993,
            "p(99)": 1859.00590639,
            "avg": 1142.6310090561813,
            "min": 1010.911341,
            "med": 1122.3630335,
            "max": 2075.955876
        },
        "http_req_tls_handshaking": {
            "max": 0,
            "p(90)": 0,
            "p(95)": 0,
            "p(99)": 0,
            "avg": 0,
            "min": 0,
            "med": 0
        },
        "vus": {
            "min": 11,
            "max": 100,
            "value": 11
        },
        "http_reqs": {
            "count": 2670,
            "rate": 85.99553488134804
        },
        "http_req_duration": {
            "med": 121.21681749999999,
            "max": 1073.729575,
            "p(90)": 211.5440182999999,
            "p(95)": 253.48687974999999,
            "p(99)": 856.4116877499999,
            "avg": 141.43261981535605,
            "min": 10.048747,
            "thresholds": {
                "p(95)<2000": false
            }
        },
        "http_req_receiving": {
            "p(99)": 0.3005486599999999,
            "avg": 0.10050284269662901,
            "min": 0.025586,
            "med": 0.08776,
            "max": 9.397425,
            "p(90)": 0.14417459999999999,
            "p(95)": 0.1772763499999998
        },
        "http_req_waiting": {
            "p(95)": 252.73418049999998,
            "p(99)": 855.9169287699998,
            "avg": 141.27095391310908,
            "min": 9.919637,
            "med": 121.087385,
            "max": 1073.546069,
            "p(90)": 211.4866619999999
        },
        "checks": {
            "passes": 8010,
            "fails": 0,
            "value": 1
        },
        "http_req_failed": {
            "passes": 0,
            "fails": 2670,
            "thresholds": {
                "rate<0.01": false
            },
            "value": 0
        },
        "operation_success": {
            "passes": 2670,
            "fails": 0,
            "thresholds": {
                "rate>0.99": false
            },
            "value": 1
        },
        "http_req_blocked": {
            "min": 0.003069,
            "med": 0.0084885,
            "max": 5.949773,
            "p(90)": 0.015243199999999972,
            "p(95)": 0.04737664999999933,
            "p(99)": 2.5891226999999963,
            "avg": 0.07863333220973769
        },
        "operation_duration": {
            "min": 10.048747,
            "med": 121.21681749999999,
            "max": 1073.729575,
            "p(90)": 211.5440182999999,
            "p(95)": 253.48687974999999,
            "p(99)": 856.4116877499999,
            "avg": 141.43261981535605
        },
        "vus_max": {
            "max": 100,
            "value": 100,
            "min": 100
        },
        "http_req_connecting": {
            "min": 0,
            "med": 0,
            "max": 5.850901,
            "p(90)": 0,
            "p(95)": 0,
            "p(99)": 2.4861359699999985,
            "avg": 0.06497878764044948
        },
        "data_received": {
            "rate": 157514.92926787733,
            "count": 4890543
        },
        "operation_bytes": {
            "rate": 146612.56351272133,
            "count": 4552045
        }
    },
    "root_group": {
        "path": "",
        "id": "d41d8cd98f00b204e9800998ecf8427e",
        "groups": {},
        "checks": {
                "status is 200": {
                    "passes": 2670,
                    "fails": 0,
                    "name": "status is 200",
                    "path": "::status is 200",
                    "id": "6210a8cd14cd70477eba5c5e4cb3fb5f"
                },
                "order has customer": {
                    "name": "order has customer",
                    "path": "::order has customer",
                    "id": "dbb9eab3389f13e54af3f87e4ea73915",
                    "passes": 2670,
                    "fails": 0
                },
                "order has items": {
                    "path": "::order has items",
                    "id": "2f70d417f4219645a0a93a98efade30e",
                    "passes": 2670,
                    "fails": 0,
                    "name": "order has items"
                }
            },
        "name": ""
    }
}