{
    "root_group": {
        "path": "",
        "id": "d41d8cd98f00b204e9800998ecf8427e",
        "groups": {},
        "checks": {
                "status is 200": {
                    "id": "6210a8cd14cd70477eba5c5e4cb3fb5f",
                    "passes": 300,
                    "fails": 0,
                    "name": "status is 200",
                    "path": "::status is 200"
                },
                "order has customer": {
                    "id": "dbb9eab3389f13e54af3f87e4ea73915",
                    "passes": 300,
                    "fails": 0,
                    "name": "order has customer",
                    "path": "::order has customer"
                },
                "order has items": {
                    "name": "order has items",
                    "path": "::order has items",
                    "id": "2f70d417f4219645a0a93a98efade30e",
                    "passes": 300,
                    "fails": 0
                }
            },
        "name": ""
    },
    "metrics": {
        "http_req_waiting": {
            "p(95)": 51.70572400000003,
            "p(99)": 119.35995064999999,
            "avg": 24.484749913333328,
            "min": 10.934765,
            "med": 21.198939,
            "max": 122.535741,
            "p(90)": 34.70887720000002
        },
        "vus_max": {
            "max": 10,
            "value": 10,
            "min": 10
        },
        "http_req_duration{expected_response:true}": {
            "max": 122.832018,
            "p(90)": 34.828921500000014,
            "p(95)": 51.99816325000003,
            "p(99)": 119.77348534,
            "avg": 24.65206835666668,
            "min": 11.08223,
            "med": 21.3287125
        },
        "operation_duration": {
            "min": 11.08223,
            "med": 21.3287125,
            "max": 122.832018,
            "p(90)": 34.828921500000014,
            "p(95)": 51.99816325000003,
            "p(99)": 119.77348534,
            "avg": 24.65206835666668
        },
        "data_received": {
            "count": 564576,
            "rate": 18285.50824005727
        },
        "checks": {
            "passes": 900,
            "fails": 0,
            "value": 1
        },
        "http_req_duration": {
            "p(90)": 34.828921500000014,
            "p(95)": 51.99816325000003,
            "p(99)": 119.77348534,
            "avg": 24.65206835666668,
            "min": 11.08223,
            "med": 21.3287125,
            "max": 122.832018,
            "thresholds": {
                "p(95)<2000": false
            }
        },
        "operation_bytes": {
            "count": 526540,
            "rate": 17053.596873972245
        },
        "http_req_tls_handshaking": {
            "med": 0,
            "max": 0,
            "p(90)": 0,
            "p(95)": 0,
            "p(99)": 0,
            "avg": 0,
            "min": 0
        },
        "http_req_sending": {
            "p(99)": 0.24761131999999988,
            "avg": 0.042462690000000025,
            "min": 0.015516,
            "med": 0.031317,
            "max": 0.345932,
            "p(90)": 0.05680060000000003,
            "p(95)": 0.11411615000000007
        },
        "http_req_blocked": {
            "p(90)": 0.021782700000000012,
            "p(95)": 0.0502562500000001,
            "p(99)": 1.020965419999999,
            "avg": 0.04084108,
            "min": 0.004119,
            "med": 0.009070499999999999,
            "max": 1.401195
        },
        "http_req_connecting": {
            "max": 0.848742,
            "p(90)": 0,
            "p(95)": 0,
            "p(99)": 0.5488470999999981,
            "avg": 0.014315199999999998,
            "min": 0,
            "med": 0
        },
        "http_reqs": {
            "count": 300,
            "rate": 9.71641102706665
        },
        "iterations": {
            "count": 300,
            "rate": 9.71641102706665
        },
        "operation_success": {
            "passes": 300,
            "fails": 0,
            "thresholds": {
                "rate>0.99": false
            },
            "value": 1
        },
        "http_req_failed": {
            "passes": 0,
            "fails": 300,
            "thresholds": {
                "rate<0.01": false
            },
            "value": 0
        },
        "operation_requests": {
            "count": 300,
            "rate": 9.71641102706665
        },
        "vus": {
            "value": 10,
            "min": 10,
            "max": 10
        },
        "http_req_receiving": {
            "med": 0.11651800000000001,
            "max": 0.401488,
            "p(90)": 0.1796493,
            "p(95)": 0.21828215000000034,
            "p(99)": 0.3203439599999999,
            "avg": 0.12485575333333335,
            "min": 0.043991
        },
        "data_sent": {
            "rate": 1027.4780780755414,
            "count": 31724
        },
        "iteration_duration": {
            "p(99)": 1121.50871604,
            "avg": 1025.8327685099998,
            "min": 1012.069993,
            "med": 1022.34385,
            "max": 1125.465964,
            "p(90)": 1036.2765754,
            "p(95)": 1054.6968403
        }
    }
}