{
    "metrics": {
        "http_req_blocked": {
            "min": 0.001956,
            "med": 0.006641,
            "max": 3.197954,
            "p(90)": 0.0116668,
            "p(95)": 0.032370899999999946,
            "p(99)": 2.5851718799999954,
            "avg": 0.0717630902255639
        },
        "http_req_sending": {
            "med": 0.02178,
            "max": 0.472355,
            "p(90)": 0.04324239999999999,
            "p(95)": 0.07056249999999994,
            "p(99)": 0.2161640799999998,
            "avg": 0.03138559261790836,
            "min": 0.005675
        },
        "vus": {
            "value": 50,
            "min": 50,
            "max": 50
        },
        "http_req_duration": {
            "avg": 40.537134833219405,
            "min": 4.227172,
            "med": 20.373872,
            "max": 517.92757,
            "p(90)": 84.56183159999999,
            "p(95)": 118.68790219999995,
            "p(99)": 430.01131305999996,
            "thresholds": {
                "p(95)<2000": false
            }
        },
        "operation_duration": {
            "p(99)": 430.01131305999996,
            "avg": 40.537134833219405,
            "min": 4.227172,
            "med": 20.373872,
            "max": 517.92757,
            "p(90)": 84.56183159999999,
            "p(95)": 118.68790219999995
        },
        "vus_max": {
            "max": 50,
            "value": 50,
            "min": 50
        },
        "data_received": {
            "rate": 421533.93216834456,
            "count": 13058710
        },
        "operation_bytes": {
            "count": 12872499,
            "rate": 415523.05857952917
        },
        "checks": {
            "passes": 2926,
            "fails": 0,
            "value": 1
        },
        "http_req_duration{expected_response:true}": {
            "max": 517.92757,
            "p(90)": 84.56183159999999,
            "p(95)": 118.68790219999995,
            "p(99)": 430.01131305999996,
            "avg": 40.537134833219405,
            "min": 4.227172,
            "med": 20.373872
        },
        "operation_requests": {
            "rate": 47.22550257738231,
            "count": 1463
        },
        "operation_success": {
            "passes": 1463,
            "fails": 0,
            "thresholds": {
                "rate>0.99": false
            },
            "value": 1
        },
        "http_req_tls_handshaking": {
            "avg": 0,
            "min": 0,
            "med": 0,
            "max": 0,
            "p(90)": 0,
            "p(95)": 0,
            "p(99)": 0
        },
        "http_req_failed": {
            "passes": 0,
            "fails": 1463,
            "thresholds": {
                "rate<0.01": false
            },
            "value": 0
        },
        "http_req_connecting": {
            "avg": 0.058889868762816114,
            "min": 0,
            "med": 0,
            "max": 2.778421,
            "p(90)": 0,
            "p(95)": 0,
            "p(99)": 2.4680758599999995
        },
        "http_req_waiting": {
            "p(90)": 84.4651902,
            "p(95)": 118.37306099999998,
            "p(99)": 429.6719578,
            "avg": 40.40630633219418,
            "min": 4.130195,
            "med": 20.200613,
            "max": 517.786495
        },
        "http_req_receiving": {
            "p(99)": 0.2996599799999989,
            "avg": 0.09944290840738203,
            "min": 0.026938,
            "med": 0.090355,
            "max": 0.659288,
            "p(90)": 0.1420088,
            "p(95)": 0.1744016999999997
        },
        "iteration_duration": {
            "p(95)": 1120.7487936999999,
            "p(99)": 1433.25310864,
            "avg": 1041.72221784279,
            "min": 1004.596013,
            "med": 1021.483028,
            "max": 1519.874113,
            "p(90)": 1085.9153532
        },
        "iterations": {
            "count": 1463,
            "rate": 47.22550257738231
        },
        "http_reqs": {
            "count": 1463,
            "rate": 47.22550257738231
        },
        "data_sent": {
            "count": 168115,
            "rate": 5426.736408610134
        }
    },
    "root_group": {
        "name": "",
        "path": "",
        "id": "d41d8cd98f00b204e9800998ecf8427e",
        "groups": {},
        "checks": {
                "status is 200": {
                    "name": "status is 200",
                    "path": "::status is 200",
                    "id": "6210a8cd14cd70477eba5c5e4cb3fb5f",
                    "passes": 1463,
                    "fails": 0
                },
                "customer orders is an array": {
                    "name": "customer orders is an array",
                    "path": "::customer orders is an array",
                    "id": "2a5eec50bd56aa7c6b1f1542987c83ac",
                    "passes": 1463,
                    "fails": 0
                }
            }
    }
}