{
    "root_group": {
        "checks": {
            "status is 200": {
                "passes": 1500,
                "fails": 0,
                "name": "status is 200",
                "path": "::status is 200",
                "id": "6210a8cd14cd70477eba5c5e4cb3fb5f"
            },
            "products is an array": {
                "name": "products is an array",
                "path": "::products is an array",
                "id": "b5ee112a5c7d674e27ddf70517649383",
                "passes": 1500,
                "fails": 0
            },
            "products are returned": {
                "name": "products are returned",
                "path": "::products are returned",
                "id": "2e79ed563e9d264b11976259f63ea025",
                "passes": 1500,
                "fails": 0
            }
        },
        "name": "",
        "path": "",
        "id": "d41d8cd98f00b204e9800998ecf8427e",
        "groups": {}
    },
    "metrics": {
        "http_reqs": {
            "count": 1500,
            "rate": 48.722621023746996
        },
        "operation_duration": {
            "p(90)": 31.057707600000185,
            "p(95)": 67.62303899999999,
            "p(99)": 149.50948108,
            "avg": 16.827963173333323,
            "min": 2.670328,
            "med": 8.910767,
            "max": 181.812176
        },
        "iterations": {
            "rate": 48.722621023746996,
            "count": 1500
        },
        "data_received": {
            "count": 11602466,
            "rate": 376868.36923927313
        },
        "http_req_receiving": {
            "p(95)": 0.16364299999999968,
            "p(99)": 0.32197832,
            "avg": 0.09585852133333342,
            "min": 0.027809,
            "med": 0.0842235,
            "max": 1.71494,
            "p(90)": 0.13643670000000005
        },
        "http_req_duration": {
            "p(95)": 67.62303899999999,
            "p(99)": 149.50948108,
            "avg": 16.827963173333323,
            "min": 2.670328,
            "med": 8.910767,
            "max": 181.812176,
            "p(90)": 31.057707600000185,
            "thresholds": {
                "p(95)<2000": false
            }
        },
        "checks": {
            "passes": 4500,
            "fails": 0,
            "value": 1
        },
        "http_req_failed": {
            "passes": 0,
            "fails": 1500,
            "thresholds": {
                "rate<0.01": false
            },
            "value": 0
        },
        "operation_requests": {
            "count": 1500,
            "rate": 48.722621023746996
        },
        "http_req_waiting": {
            "p(99)": 149.05816718,
            "avg": 16.696799520666676,
            "min": 2.561843,
            "med": 8.7876185,
            "max": 181.636739,
            "p(90)": 30.94409510000016,
            "p(95)": 66.10174814999993
        },
        "operation_bytes": {
            "count": 11411966,
            "rate": 370680.59636925725
        },
        "operation_success": {
            "passes": 1500,
            "fails": 0,
            "thresholds": {
                "rate>0.99": false
            },
            "value": 1
        },
        "http_req_blocked": {
            "p(95)": 0.032081099999999994,
            "p(99)": 0.7188870699999995,
            "avg": 0.02774198000000004,
            "min": 0.002,
            "med": 0.006272,
            "max": 2.784065,
            "p(90)": 0.011924600000000004
        },
        "vus_max": {
            "min": 50,
            "max": 50,
            "value": 50
        },
        "data_sent": {
            "count": 185838,
            "rate": 6036.342963874063
        },
        "http_req_duration{expected_response:true}": {
            "p(99)": 149.50948108,
            "avg": 16.827963173333323,
            "min": 2.670328,
            "med": 8.910767,
            "max": 181.812176,
            "p(90)": 31.057707600000185,
            "p(95)": 67.62303899999999
        },
        "http_req_connecting": {
            "max": 2.720173,
            "p(90)": 0,
            "p(95)": 0,
            "p(99)": 0.6097413099999998,
            "avg": 0.017375266666666663,
            "min": 0,
            "med": 0
        },
        "vus": {
            "value": 50,
            "min": 50,
            "max": 50
        },
        "http_req_sending": {
            "avg": 0.03530513133333337,
            "min": 0.005928,
            "med": 0.021141,
            "max": 0.717825,
            "p(90)": 0.04201890000000002,
            "p(95)": 0.06703324999999997,
            "p(99)": 0.42345922999999996
        },
        "iteration_duration": {
            "avg": 1017.8921616179997,
            "min": 1003.625497,
            "med": 1009.9247720000001,
            "max": 1183.693828,
            "p(90)": 1032.4245852,
            "p(95)": 1068.25667875,
            "p(99)": 1151.4203463000001
        },
        "http_req_tls_handshaking": {
            "p(99)": 0,
            "avg": 0,
            "min": 0,
            "med": 0,
            "max": 0,
            "p(90)": 0,
            "p(95)": 0
        }
    }
}