{
    "root_group": {
        "id": "d41d8cd98f00b204e9800998ecf8427e",
        "groups": {},
        "checks": {
                "status is 200": {
                    "fails": 0,
                    "name": "status is 200",
                    "path": "::status is 200",
                    "id": "6210a8cd14cd70477eba5c5e4cb3fb5f",
                    "passes": 2663
                },
                "customer orders is an array": {
                    "fails": 0,
                    "name": "customer orders is an array",
                    "path": "::customer orders is an array",
                    "id": "2a5eec50bd56aa7c6b1f1542987c83ac",
                    "passes": 2663
                }
            },
        "name": "",
        "path": ""
    },
    "metrics": {
        "operation_duration": {
            "med": 112.185297,
            "max": 1029.471138,
            "p(90)": 257.6567994,
            "p(95)": 385.74416080000003,
            "p(99)": 771.4752018800012,
            "avg": 145.0067532072849,
            "min": 7.89083
        },
        "data_received": {
            "count": 23563689,
            "rate": 759340.3729694335
        },
        "http_req_duration": {
            "avg": 145.0067532072849,
            "min": 7.89083,
            "med": 112.185297,
            "max": 1029.471138,
            "p(90)": 257.6567994,
            "p(95)": 385.74416080000003,
            "p(99)": 771.4752018800012,
            "thresholds": {
                "p(95)<2000": false
            }
        },
        "http_req_connecting": {
            "p(90)": 0,
            "p(95)": 0,
            "p(99)": 2.8025470400000105,
            "avg": 0.07338435073225684,
            "min": 0,
            "med": 0,
            "max": 4.401975
        },
        "http_req_tls_handshaking": {
            "max": 0,
            "p(90)": 0,
            "p(95)": 0,
            "p(99)": 0,
            "avg": 0,
            "min": 0,
            "med": 0
        },
        "http_req_waiting": {
            "min": 7.821228,
            "med": 112.124934,
            "max": 1029.355825,
            "p(90)": 257.60942300000005,
            "p(95)": 385.6892801,
            "p(99)": 770.9093220600013,
            "avg": 144.9017429376641
        },
        "operation_requests": {
            "count": 2663,
            "rate": 85.81523093508837
        },
        "data_sent": {
            "count": 306054,
            "rate": 9862.596578523295
        },
        "operation_bytes": {
            "count": 23224640,
            "rate": 748414.5118228655
        },
        "operation_success": {
            "passes": 2663,
            "fails": 0,
            "thresholds": {
                "rate>0.99": false
            },
            "value": 1
        },
        "http_req_receiving": {
            "p(95)": 0.1454485,
            "p(99)": 0.2751686000000002,
            "avg": 0.07572193353360883,
            "min": 0.021431,
            "med": 0.064916,
            "max": 1.748449,
            "p(90)": 0.11431380000000001
        },
        "iterations": {
            "rate": 85.81523093508837,
            "count": 2663
        },
        "http_reqs": {
            "count": 2663,
            "rate": 85.81523093508837
        },
        "iteration_duration": {
            "p(99)": 1773.1316082600013,
            "avg": 1146.1456258235069,
            "min": 1008.400464,
            "med": 1113.163277,
            "max": 2032.168275,
            "p(90)": 1258.5349474,
            "p(95)": 1386.4225005
        },
        "vus": {
            "value": 7,
            "min": 7,
            "max": 100
        },
        "http_req_blocked": {
            "med": 0.005888,
            "max": 4.442232,
            "p(90)": 0.0110434,
            "p(95)": 0.03292150000000006,
            "p(99)": 2.8671657800000054,
            "avg": 0.08274126211040168,
            "min": 0.001457
        },
        "checks": {
            "passes": 5326,
            "fails": 0,
            "value": 1
        },
        "http_req_failed": {
            "passes": 0,
            "fails": 2663,
            "thresholds": {
                "rate<0.01": false
            },
            "value": 0
        },
        "http_req_duration{expected_response:true}": {
            "avg": 145.0067532072849,
            "min": 7.89083,
            "med": 112.185297,
            "max": 1029.471138,
            "p(90)": 257.6567994,
            "p(95)": 385.74416080000003,
            "p(99)": 771.4752018800012
        },
        "http_req_sending": {
            "max": 0.609027,
            "p(90)": 0.03755960000000001,
            "p(95)": 0.07072830000000019,
            "p(99)": 0.3070688200000001,
            "avg": 0.029288336087119768,
            "min": 0.004742,
            "med": 0.01796
        },
        "vus_max": {
            "value": 100,
            "min": 100,
            "max": 100
        }
    }
}