{
    "root_group": {
        "id": "d41d8cd98f00b204e9800998ecf8427e",
        "groups": {},
        "checks": {
                "status is 200": {
                    "path": "::status is 200",
                    "id": "6210a8cd14cd70477eba5c5e4cb3fb5f",
                    "passes": 300,
                    "fails": 0,
                    "name": "status is 200"
                },
                "product has id": {
                    "id": "ee7b4c5731586d8b240afecd98b25817",
                    "passes": 300,
                    "fails": 0,
                    "name": "product has id",
                    "path": "::product has id"
                },
                "product has over-fetched fields": {
                    "path": "::product has over-fetched fields",
                    "id": "d17f81699837150d51cff629fea8f801",
                    "passes": 300,
                    "fails": 0,
                    "name": "product has over-fetched fields"
                }
            },
        "name": "",
        "path": ""
    },
    "metrics": {
        "http_req_receiving": {
            "max": 0.515427,
            "p(90)": 0.1448847,
            "p(95)": 0.19256425000000008,
            "p(99)": 0.4188466999999995,
            "avg": 0.09425755333333337,
            "min": 0.029058,
            "med": 0.078178
        },
        "http_reqs": {
            "count": 300,
            "rate": 9.890164802152485
        },
        "vus": {
            "min": 10,
            "max": 10,
            "value": 10
        },
        "data_received": {
            "count": 150837,
            "rate": 4972.675960874248
        },
        "operation_success": {
            "passes": 300,
            "fails": 0,
            "thresholds": {
                "rate>0.99": false
            },
            "value": 1
        },
        "http_req_connecting": {
            "p(99)": 0.40184649999999894,
            "avg": 0.014003819999999998,
            "min": 0,
            "med": 0,
            "max": 1.086722,
            "p(90)": 0,
            "p(95)": 0
        },
        "http_req_sending": {
            "min": 0.007782,
            "med": 0.022958,
            "max": 0.708122,
            "p(90)": 0.04048300000000001,
            "p(95)": 0.06538620000000002,
            "p(99)": 0.20555406999999964,
            "avg": 0.03163367666666664
        },
        "operation_requests": {
            "count": 300,
            "rate": 9.890164802152485
        },
        "operation_duration": {
            "avg": 9.40985300333333,
            "min": 2.425361,
            "med": 7.015534499999999,
            "max": 33.195836,
            "p(90)": 20.9732112,
            "p(95)": 23.689493550000005,
            "p(99)": 32.740843590000004
        },
        "http_req_blocked": {
            "avg": 0.027361486666666674,
            "min": 0.002754,
            "med": 0.0070325000000000006,
            "max": 1.586816,
            "p(90)": 0.011331800000000005,
            "p(95)": 0.028859750000000073,
            "p(99)": 0.5840526599999978
        },
        "http_req_waiting": {
            "avg": 9.283961773333335,
            "min": 2.340418,
            "med": 6.8796655,
            "max": 33.003977,
            "p(90)": 20.8972579,
            "p(95)": 23.605478350000002,
            "p(99)": 32.442018489999995
        },
        "http_req_failed": {
            "passes": 0,
            "fails": 300,
            "thresholds": {
                "rate<0.01": false
            },
            "value": 0
        },
        "checks": {
            "passes": 900,
            "fails": 0,
            "value": 1
        },
        "http_req_duration{expected_response:true}": {
            "avg": 9.40985300333333,
            "min": 2.425361,
            "med": 7.015534499999999,
            "max": 33.195836,
            "p(90)": 20.9732112,
            "p(95)": 23.689493550000005,
            "p(99)": 32.740843590000004
        },
        "vus_max": {
            "min": 10,
            "max": 10,
            "value": 10
        },
        "iteration_duration": {
            "p(99)": 1034.230241,
            "avg": 1010.3793859033337,
            "min": 1002.934333,
            "med": 1008.0866845,
            "max": 1035.17682,
            "p(90)": 1022.1365128,
            "p(95)": 1024.54686625
        },
        "iterations": {
            "count": 300,
            "rate": 9.890164802152485
        },
        "operation_bytes": {
            "count": 113037,
            "rate": 3726.5151958030347
        },
        "http_req_tls_handshaking": {
            "max": 0,
            "p(90)": 0,
            "p(95)": 0,
            "p(99)": 0,
            "avg": 0,
            "min": 0,
            "med": 0
        },
        "data_sent": {
            "count": 32378,
            "rate": 1067.4125198803106
        },
        "http_req_duration": {
            "p(99)": 32.740843590000004,
            "avg": 9.40985300333333,
            "min": 2.425361,
            "med": 7.015534499999999,
            "max": 33.195836,
            "p(90)": 20.9732112,
            "p(95)": 23.689493550000005,
            "thresholds": {
                "p(95)<2000": false
            }
        }
    }
}