{
    "root_group": {
        "name": "",
        "path": "",
        "id": "d41d8cd98f00b204e9800998ecf8427e",
        "groups": {},
        "checks": {
                "status is 200": {
                    "name": "status is 200",
                    "path": "::status is 200",
                    "id": "6210a8cd14cd70477eba5c5e4cb3fb5f",
                    "passes": 2789,
                    "fails": 0
                },
                "customer orders is an array": {
                    "name": "customer orders is an array",
                    "path": "::customer orders is an array",
                    "id": "2a5eec50bd56aa7c6b1f1542987c83ac",
                    "passes": 0,
                    "fails": 2789
                },
                "customer has at least one order": {
                    "id": "ca57908d25c8cd34513cdcaf3b400b10",
                    "passes": 0,
                    "fails": 2789,
                    "name": "customer has at least one order",
                    "path": "::customer has at least one order"
                }
            }
    },
    "metrics": {
        "operation_requests": {
            "count": 2789,
            "rate": 90.0750844863074
        },
        "iteration_duration": {
            "p(90)": 1173.7135814,
            "p(95)": 1247.5656515999997,
            "p(99)": 1535.29094376,
            "avg": 1088.5480525937592,
            "min": 1006.572504,
            "med": 1066.408902,
            "max": 1681.095565
        },
        "iterations": {
            "count": 2789,
            "rate": 90.0750844863074
        },
        "http_req_duration": {
            "p(99)": 531.00698012,
            "avg": 87.52833224309789,
            "min": 6.055257,
            "med": 65.64692,
            "max": 680.236639,
            "p(90)": 172.35749060000006,
            "p(95)": 246.68950379999967,
            "thresholds": {
                "p(95)<2000": false
            }
        },
        "http_reqs": {
            "rate": 90.0750844863074,
            "count": 2789
        },
        "http_req_connecting": {
            "avg": 0.05942575941197564,
            "min": 0,
            "med": 0,
            "max": 4.177076,
            "p(90)": 0,
            "p(95)": 0,
            "p(99)": 2.5272153599999974
        },
        "http_req_receiving": {
            "p(90)": 0.09541720000000002,
            "p(95)": 0.11768059999999998,
            "p(99)": 0.20059975999999935,
            "avg": 0.06448437791323039,
            "min": 0.018077,
            "med": 0.058479,
            "max": 0.468222
        },
        "http_req_blocked": {
            "med": 0.005994,
            "max": 4.282565,
            "p(90)": 0.011050600000000002,
            "p(95)": 0.027653199999999996,
            "p(99)": 2.7248722399999945,
            "avg": 0.07208114234492635,
            "min": 0.001526
        },
        "data_sent": {
            "count": 295016,
            "rate": 9527.999686200237
        },
        "vus": {
            "min": 100,
            "max": 100,
            "value": 100
        },
        "http_req_duration{expected_response:true}": {
            "p(95)": 246.68950379999967,
            "p(99)": 531.00698012,
            "avg": 87.52833224309789,
            "min": 6.055257,
            "med": 65.64692,
            "max": 680.236639,
            "p(90)": 172.35749060000006
        },
        "http_req_failed": {
            "passes": 0,
            "fails": 2789,
            "thresholds": {
                "rate<0.01": false
            },
            "value": 0
        },
        "operation_success": {
            "passes": 2789,
            "fails": 0,
            "thresholds": {
                "rate>0.99": false
            },
            "value": 1
        },
        "http_req_waiting": {
            "p(90)": 172.1697562000001,
            "p(95)": 246.59083999999967,
            "p(99)": 530.91418192,
            "avg": 87.42745963822148,
            "min": 5.972025,
            "med": 65.58582,
            "max": 680.102144
        },
        "checks": {
            "passes": 2789,
            "fails": 5578,
            "value": 0.3333333333333333
        },
        "vus_max": {
            "value": 100,
            "min": 100,
            "max": 100
        },
        "operation_bytes": {
            "count": 4899353,
            "rate": 158232.21061428598
        },
        "http_req_tls_handshaking": {
            "avg": 0,
            "min": 0,
            "med": 0,
            "max": 0,
            "p(90)": 0,
            "p(95)": 0,
            "p(99)": 0
        },
        "operation_duration": {
            "min": 6.055257,
            "med": 65.64692,
            "max": 680.236639,
            "p(90)": 172.35749060000006,
            "p(95)": 246.68950379999967,
            "p(99)": 531.00698012,
            "avg": 87.52833224309789
        },
        "data_received": {
            "count": 5253011,
            "rate": 169654.14472301977
        },
        "http_req_sending": {
            "p(99)": 0.4689479199999976,
            "avg": 0.03638822696306926,
            "min": 0.005422,
            "med": 0.018305,
            "max": 1.461175,
            "p(90)": 0.03432500000000005,
            "p(95)": 0.06218959999999993
        }
    }
}