{
    "root_group": {
        "name": "",
        "path": "",
        "id": "d41d8cd98f00b204e9800998ecf8427e",
        "groups": {},
        "checks": {
                "status is 200": {
                    "name": "status is 200",
                    "path": "::status is 200",
                    "id": "6210a8cd14cd70477eba5c5e4cb3fb5f",
                    "passes": 173,
                    "fails": 250
                },
                "order has customer": {
                    "passes": 173,
                    "fails": 250,
                    "name": "order has customer",
                    "path": "::order has customer",
                    "id": "dbb9eab3389f13e54af3f87e4ea73915"
                },
                "order has items": {
                    "passes": 173,
                    "fails": 0,
                    "name": "order has items",
                    "path": "::order has items",
                    "id": "2f70d417f4219645a0a93a98efade30e"
                }
            }
    },
    "metrics": {
        "vus_max": {
            "max": 250,
            "value": 250,
            "min": 250
        },
        "data_received": {
            "rate": 9631.167143858558,
            "count": 317055
        },
        "checks": {
            "passes": 519,
            "fails": 500,
            "value": 0.5093228655544652
        },
        "data_sent": {
            "count": 44732,
            "rate": 1358.8221875670815
        },
        "http_req_blocked": {
            "p(90)": 1.327068,
            "p(95)": 1.6973698,
            "p(99)": 8.469513059999901,
            "avg": 0.5508049479905438,
            "min": 0.002772,
            "med": 0.214467,
            "max": 16.023948
        },
        "http_req_sending": {
            "avg": 0.33377704728132374,
            "min": 0.010528,
            "med": 0.101339,
            "max": 12.425584,
            "p(90)": 0.8241390000000001,
            "p(95)": 1.1989124999999998,
            "p(99)": 2.65403948
        },
        "http_req_receiving": {
            "p(99)": 0.2292235599999997,
            "avg": 0.041166236406619386,
            "min": 0,
            "med": 0,
            "max": 0.384161,
            "p(90)": 0.1136786,
            "p(95)": 0.13612529999999998
        },
        "operation_duration": {
            "p(90)": 30001.0088392,
            "p(95)": 30001.2551414,
            "p(99)": 30003.04117188,
            "avg": 18026.269627096928,
            "min": 180.585242,
            "med": 29999.891716,
            "max": 30004.976088
        },
        "vus": {
            "value": 84,
            "min": 84,
            "max": 250
        },
        "http_req_waiting": {
            "p(95)": 30001.1802149,
            "p(99)": 30002.73845532,
            "avg": 18025.894683813232,
            "min": 172.227093,
            "med": 29999.642037,
            "max": 30004.957691,
            "p(90)": 30000.9653306
        },
        "operation_requests": {
            "count": 423,
            "rate": 12.849454201486084
        },
        "iteration_duration": {
            "p(99)": 30012.679775160002,
            "avg": 18437.969973929085,
            "min": 1182.878672,
            "med": 30000.978093,
            "max": 30015.323264,
            "p(90)": 30009.4798094,
            "p(95)": 30010.602641499998
        },
        "operation_success": {
            "passes": 173,
            "fails": 250,
            "thresholds": {
                "rate>0.99": true
            },
            "value": 0.408983451536643
        },
        "http_reqs": {
            "count": 423,
            "rate": 12.849454201486084
        },
        "http_req_tls_handshaking": {
            "avg": 0,
            "min": 0,
            "med": 0,
            "max": 0,
            "p(90)": 0,
            "p(95)": 0,
            "p(99)": 0
        },
        "http_req_failed": {
            "passes": 250,
            "fails": 173,
            "thresholds": {
                "rate<0.01": true
            },
            "value": 0.5910165484633569
        },
        "http_req_connecting": {
            "med": 0.1487,
            "max": 9.489053,
            "p(90)": 1.1898834000000003,
            "p(95)": 1.4586139999999994,
            "p(99)": 5.221627579999959,
            "avg": 0.45096622458628827,
            "min": 0
        },
        "http_req_duration": {
            "max": 30004.976088,
            "p(90)": 30001.0088392,
            "p(95)": 30001.2551414,
            "p(99)": 30003.04117188,
            "avg": 18026.26962709693,
            "min": 180.585242,
            "med": 29999.891716,
            "thresholds": {
                "p(95)<2000": true
            }
        },
        "http_req_duration{expected_response:true}": {
            "med": 614.8102,
            "max": 1886.810834,
            "p(90)": 1293.9854528,
            "p(95)": 1553.9391343999998,
            "p(99)": 1823.61730484,
            "avg": 722.7035575202312,
            "min": 180.585242
        },
        "operation_bytes": {
            "count": 295126,
            "rate": 8965.030781720525
        },
        "iterations": {
            "rate": 12.849454201486084,
            "count": 423
        }
    }
}