{
    "root_group": {
        "path": "",
        "id": "d41d8cd98f00b204e9800998ecf8427e",
        "groups": {},
        "checks": {
                "status is 200": {
                    "name": "status is 200",
                    "path": "::status is 200",
                    "id": "6210a8cd14cd70477eba5c5e4cb3fb5f",
                    "passes": 3000,
                    "fails": 0
                },
                "product has id": {
                    "path": "::product has id",
                    "id": "ee7b4c5731586d8b240afecd98b25817",
                    "passes": 3000,
                    "fails": 0,
                    "name": "product has id"
                },
                "product has over-fetched fields": {
                    "id": "d17f81699837150d51cff629fea8f801",
                    "passes": 3000,
                    "fails": 0,
                    "name": "product has over-fetched fields",
                    "path": "::product has over-fetched fields"
                }
            },
        "name": ""
    },
    "metrics": {
        "http_req_duration{expected_response:true}": {
            "p(90)": 36.475381399999996,
            "p(95)": 66.53566029999999,
            "p(99)": 323.71234683,
            "avg": 21.26501055433339,
            "min": 2.453805,
            "med": 9.272950999999999,
            "max": 394.896761
        },
        "http_req_waiting": {
            "avg": 21.154848400333293,
            "min": 2.372447,
            "med": 9.1660285,
            "max": 394.801596,
            "p(90)": 36.38940249999999,
            "p(95)": 66.37666879999999,
            "p(99)": 321.9506812999996
        },
        "http_req_receiving": {
            "p(99)": 0.25132135999999955,
            "avg": 0.07860637633333334,
            "min": 0.015594,
            "med": 0.0699365,
            "max": 0.79003,
            "p(90)": 0.1171614,
            "p(95)": 0.14755089999999998
        },
        "vus": {
            "value": 100,
            "min": 100,
            "max": 100
        },
        "http_req_duration": {
            "min": 2.453805,
            "med": 9.272950999999999,
            "max": 394.896761,
            "p(90)": 36.475381399999996,
            "p(95)": 66.53566029999999,
            "p(99)": 323.71234683,
            "avg": 21.26501055433339,
            "thresholds": {
                "p(95)<2000": false
            }
        },
        "operation_success": {
            "passes": 3000,
            "fails": 0,
            "thresholds": {
                "rate>0.99": false
            },
            "value": 1
        },
        "http_req_failed": {
            "passes": 0,
            "fails": 3000,
            "thresholds": {
                "rate<0.01": false
            },
            "value": 0
        },
        "operation_duration": {
            "avg": 21.26501055433339,
            "min": 2.453805,
            "med": 9.272950999999999,
            "max": 394.896761,
            "p(90)": 36.475381399999996,
            "p(95)": 66.53566029999999,
            "p(99)": 323.71234683
        },
        "data_sent": {
            "count": 323660,
            "rate": 10457.794860624565
        },
        "http_req_tls_handshaking": {
            "p(95)": 0,
            "p(99)": 0,
            "avg": 0,
            "min": 0,
            "med": 0,
            "max": 0,
            "p(90)": 0
        },
        "checks": {
            "passes": 9000,
            "fails": 0,
            "value": 1
        },
        "data_received": {
            "count": 1522926,
            "rate": 49207.340097359964
        },
        "iterations": {
            "count": 3000,
            "rate": 96.93315387095623
        },
        "http_req_connecting": {
            "med": 0,
            "max": 1.690868,
            "p(90)": 0,
            "p(95)": 0,
            "p(99)": 0.598744449999998,
            "avg": 0.016123046999999995,
            "min": 0
        },
        "http_req_blocked": {
            "p(99)": 0.7232032199999981,
            "avg": 0.02654751133333341,
            "min": 0.002333,
            "med": 0.006344,
            "max": 2.108251,
            "p(90)": 0.011872799999999998,
            "p(95)": 0.03564864999999978
        },
        "vus_max": {
            "value": 100,
            "min": 100,
            "max": 100
        },
        "http_req_sending": {
            "avg": 0.03155577766666675,
            "min": 0.005234,
            "med": 0.020151500000000003,
            "max": 1.683586,
            "p(90)": 0.042076,
            "p(95)": 0.06459754999999999,
            "p(99)": 0.2557812599999925
        },
        "operation_bytes": {
            "count": 1144926,
            "rate": 36993.76270961948
        },
        "iteration_duration": {
            "p(90)": 1038.0868661,
            "p(95)": 1067.99611655,
            "p(99)": 1325.1147405699999,
            "avg": 1022.2279579659997,
            "min": 1002.985656,
            "med": 1010.1938769999999,
            "max": 1400.129079
        },
        "http_reqs": {
            "rate": 96.93315387095623,
            "count": 3000
        },
        "operation_requests": {
            "count": 3000,
            "rate": 96.93315387095623
        }
    }
}