{
    "root_group": {
        "name": "",
        "path": "",
        "id": "d41d8cd98f00b204e9800998ecf8427e",
        "groups": {},
        "checks": {
                "status is 200": {
                    "name": "status is 200",
                    "path": "::status is 200",
                    "id": "6210a8cd14cd70477eba5c5e4cb3fb5f",
                    "passes": 2958,
                    "fails": 0
                },
                "products is an array": {
                    "path": "::products is an array",
                    "id": "b5ee112a5c7d674e27ddf70517649383",
                    "passes": 2958,
                    "fails": 0,
                    "name": "products is an array"
                },
                "products are returned": {
                    "id": "2e79ed563e9d264b11976259f63ea025",
                    "passes": 2958,
                    "fails": 0,
                    "name": "products are returned",
                    "path": "::products are returned"
                }
            }
    },
    "metrics": {
        "http_req_connecting": {
            "p(95)": 0,
            "p(99)": 0.5719073499999949,
            "avg": 0.017794995605138607,
            "min": 0,
            "med": 0,
            "max": 2.316557,
            "p(90)": 0
        },
        "http_req_duration": {
            "avg": 28.736832496619282,
            "min": 3.524535,
            "med": 9.9457095,
            "max": 503.111152,
            "p(90)": 60.08341810000029,
            "p(95)": 137.1420104000001,
            "p(99)": 387.68387612,
            "thresholds": {
                "p(95)<2000": false
            }
        },
        "http_req_blocked": {
            "p(95)": 0.040065300000000005,
            "p(99)": 0.6955997199999997,
            "avg": 0.03368849864773501,
            "min": 0.002736,
            "med": 0.0085515,
            "max": 3.166061,
            "p(90)": 0.0156671
        },
        "data_sent": {
            "count": 366441,
            "rate": 11836.126000500206
        },
        "http_req_failed": {
            "fails": 2958,
            "passes": 0,
            "thresholds": {
                "rate<0.01": false
            },
            "value": 0
        },
        "http_req_tls_handshaking": {
            "avg": 0,
            "min": 0,
            "med": 0,
            "max": 0,
            "p(90)": 0,
            "p(95)": 0,
            "p(99)": 0
        },
        "checks": {
            "passes": 8874,
            "fails": 0,
            "value": 1
        },
        "data_received": {
            "rate": 739383.2085950759,
            "count": 22890963
        },
        "iteration_duration": {
            "min": 1004.946936,
            "med": 1011.0594235,
            "max": 1504.695173,
            "p(90)": 1062.3752869,
            "p(95)": 1139.19515245,
            "p(99)": 1391.4010804299994,
            "avg": 1030.0186933681512
        },
        "http_req_sending": {
            "p(99)": 0.4391020399999995,
            "avg": 0.04393293542934405,
            "min": 0.010011,
            "med": 0.028408,
            "max": 1.297205,
            "p(90)": 0.052372000000000016,
            "p(95)": 0.08420115000000002
        },
        "vus_max": {
            "value": 100,
            "min": 100,
            "max": 100
        },
        "http_req_receiving": {
            "p(90)": 0.18434210000000006,
            "p(95)": 0.23709075000000016,
            "p(99)": 0.3718435399999992,
            "avg": 0.13114037052062205,
            "min": 0.034926,
            "med": 0.1178845,
            "max": 1.370986
        },
        "http_req_waiting": {
            "p(90)": 59.91938030000026,
            "p(95)": 136.9486324000001,
            "p(99)": 387.22445808,
            "avg": 28.561759190669335,
            "min": 3.360788,
            "med": 9.779749500000001,
            "max": 502.968262
        },
        "http_reqs": {
            "count": 2958,
            "rate": 95.54405950611314
        },
        "operation_bytes": {
            "count": 22515297,
            "rate": 727249.1130377995
        },
        "http_req_duration{expected_response:true}": {
            "p(90)": 60.08341810000029,
            "p(95)": 137.1420104000001,
            "p(99)": 387.68387612,
            "avg": 28.736832496619282,
            "min": 3.524535,
            "med": 9.9457095,
            "max": 503.111152
        },
        "operation_requests": {
            "count": 2958,
            "rate": 95.54405950611314
        },
        "iterations": {
            "count": 2958,
            "rate": 95.54405950611314
        },
        "operation_duration": {
            "p(90)": 60.08341810000029,
            "p(95)": 137.1420104000001,
            "p(99)": 387.68387612,
            "avg": 28.736832496619282,
            "min": 3.524535,
            "med": 9.9457095,
            "max": 503.111152
        },
        "vus": {
            "value": 100,
            "min": 100,
            "max": 100
        },
        "operation_success": {
            "passes": 2958,
            "fails": 0,
            "thresholds": {
                "rate>0.99": false
            },
            "value": 1
        }
    }
}