{
    "metrics": {
        "iterations": {
            "count": 2992,
            "rate": 96.48204071346768
        },
        "http_req_waiting": {
            "med": 10.6828205,
            "max": 413.205854,
            "p(90)": 39.267349700000004,
            "p(95)": 71.83757749999997,
            "p(99)": 316.12336751000004,
            "avg": 22.890471901403778,
            "min": 2.488856
        },
        "http_reqs": {
            "count": 2992,
            "rate": 96.48204071346768
        },
        "http_req_sending": {
            "avg": 0.03872916310160434,
            "min": 0.00538,
            "med": 0.0204745,
            "max": 1.489604,
            "p(90)": 0.0407787,
            "p(95)": 0.06974134999999985,
            "p(99)": 0.6299182400000001
        },
        "checks": {
            "passes": 8976,
            "fails": 0,
            "value": 1
        },
        "http_req_blocked": {
            "max": 3.305425,
            "p(90)": 0.011698,
            "p(95)": 0.03714584999999982,
            "p(99)": 1.0978128700000078,
            "avg": 0.035690821858288826,
            "min": 0.002208,
            "med": 0.0062924999999999995
        },
        "operation_bytes": {
            "count": 22774701,
            "rate": 734408.2985023573
        },
        "http_req_failed": {
            "passes": 0,
            "fails": 2992,
            "thresholds": {
                "rate<0.01": false
            },
            "value": 0
        },
        "http_req_connecting": {
            "p(99)": 0.986187960000005,
            "avg": 0.02463654779411766,
            "min": 0,
            "med": 0,
            "max": 2.5787,
            "p(90)": 0,
            "p(95)": 0
        },
        "vus": {
            "value": 7,
            "min": 7,
            "max": 100
        },
        "data_sent": {
            "count": 370688,
            "rate": 11953.454113634327
        },
        "operation_duration": {
            "min": 2.637032,
            "med": 10.8156765,
            "max": 413.339657,
            "p(90)": 39.40872220000001,
            "p(95)": 71.97034529999999,
            "p(99)": 316.35375493,
            "avg": 23.020372218582875
        },
        "http_req_tls_handshaking": {
            "avg": 0,
            "min": 0,
            "med": 0,
            "max": 0,
            "p(90)": 0,
            "p(95)": 0,
            "p(99)": 0
        },
        "vus_max": {
            "value": 100,
            "min": 100,
            "max": 100
        },
        "operation_success": {
            "passes": 2992,
            "fails": 0,
            "thresholds": {
                "rate>0.99": false
            },
            "value": 1
        },
        "iteration_duration": {
            "med": 1011.871472,
            "max": 1415.406237,
            "p(90)": 1040.6736113,
            "p(95)": 1073.0741673,
            "p(99)": 1317.1754026,
            "avg": 1024.0713337312818,
            "min": 1003.260119
        },
        "http_req_duration{expected_response:true}": {
            "avg": 23.020372218582878,
            "min": 2.637032,
            "med": 10.8156765,
            "max": 413.339657,
            "p(90)": 39.40872220000001,
            "p(95)": 71.97034529999999,
            "p(99)": 316.35375493
        },
        "operation_requests": {
            "count": 2992,
            "rate": 96.48204071346768
        },
        "http_req_receiving": {
            "med": 0.0812535,
            "max": 0.94399,
            "p(90)": 0.13627050000000002,
            "p(95)": 0.16201839999999995,
            "p(99)": 0.2909998100000004,
            "avg": 0.09117115407753991,
            "min": 0.030113
        },
        "http_req_duration": {
            "p(95)": 71.97034529999999,
            "p(99)": 316.35375493,
            "avg": 23.020372218582878,
            "min": 2.637032,
            "med": 10.8156765,
            "max": 413.339657,
            "p(90)": 39.40872220000001,
            "thresholds": {
                "p(95)<2000": false
            }
        },
        "data_received": {
            "count": 23154685,
            "rate": 746661.5176729677
        }
    },
    "root_group": {
        "id": "d41d8cd98f00b204e9800998ecf8427e",
        "groups": {},
        "checks": {
                "status is 200": {
                    "name": "status is 200",
                    "path": "::status is 200",
                    "id": "6210a8cd14cd70477eba5c5e4cb3fb5f",
                    "passes": 2992,
                    "fails": 0
                },
                "products is an array": {
                    "fails": 0,
                    "name": "products is an array",
                    "path": "::products is an array",
                    "id": "b5ee112a5c7d674e27ddf70517649383",
                    "passes": 2992
                },
                "products are returned": {
                    "name": "products are returned",
                    "path": "::products are returned",
                    "id": "2e79ed563e9d264b11976259f63ea025",
                    "passes": 2992,
                    "fails": 0
                }
            },
        "name": "",
        "path": ""
    }
}