{
    "root_group": {
        "id": "d41d8cd98f00b204e9800998ecf8427e",
        "groups": {},
        "checks": {
                "status is 200": {
                    "passes": 300,
                    "fails": 0,
                    "name": "status is 200",
                    "path": "::status is 200",
                    "id": "6210a8cd14cd70477eba5c5e4cb3fb5f"
                },
                "customer orders is an array": {
                    "name": "customer orders is an array",
                    "path": "::customer orders is an array",
                    "id": "2a5eec50bd56aa7c6b1f1542987c83ac",
                    "passes": 0,
                    "fails": 300
                },
                "customer has at least one order": {
                    "name": "customer has at least one order",
                    "path": "::customer has at least one order",
                    "id": "ca57908d25c8cd34513cdcaf3b400b10",
                    "passes": 0,
                    "fails": 300
                }
            },
        "name": "",
        "path": ""
    },
    "metrics": {
        "http_req_tls_handshaking": {
            "min": 0,
            "med": 0,
            "max": 0,
            "p(90)": 0,
            "p(95)": 0,
            "p(99)": 0,
            "avg": 0
        },
        "http_req_waiting": {
            "p(95)": 39.62652910000003,
            "p(99)": 67.06534563999999,
            "avg": 18.395705580000005,
            "min": 5.694109,
            "med": 15.311430999999999,
            "max": 68.137805,
            "p(90)": 30.23079470000003
        },
        "operation_duration": {
            "p(90)": 30.33482220000003,
            "p(95)": 39.732606250000025,
            "p(99)": 67.23684339999998,
            "avg": 18.51451774666667,
            "min": 5.789716,
            "med": 15.423057,
            "max": 68.245692
        },
        "http_req_duration{expected_response:true}": {
            "p(90)": 30.33482220000003,
            "p(95)": 39.732606250000025,
            "p(99)": 67.23684339999998,
            "avg": 18.51451774666667,
            "min": 5.789716,
            "med": 15.423057,
            "max": 68.245692
        },
        "http_req_blocked": {
            "max": 0.389823,
            "p(90)": 0.0109923,
            "p(95)": 0.029545800000000164,
            "p(99)": 0.33380262999999993,
            "avg": 0.01741327333333334,
            "min": 0.002373,
            "med": 0.006932000000000001
        },
        "http_req_sending": {
            "avg": 0.027515326666666666,
            "min": 0.006452,
            "med": 0.022194,
            "max": 0.152407,
            "p(90)": 0.04331430000000001,
            "p(95)": 0.057725850000000044,
            "p(99)": 0.09732659999999994
        },
        "operation_requests": {
            "count": 300,
            "rate": 9.790011173384134
        },
        "vus": {
            "value": 10,
            "min": 10,
            "max": 10
        },
        "operation_success": {
            "passes": 300,
            "fails": 0,
            "thresholds": {
                "rate>0.99": false
            },
            "value": 1
        },
        "http_reqs": {
            "count": 300,
            "rate": 9.790011173384134
        },
        "checks": {
            "passes": 300,
            "fails": 600,
            "value": 0.3333333333333333
        },
        "iteration_duration": {
            "med": 1016.3592825000001,
            "max": 1069.768146,
            "p(90)": 1031.7348258,
            "p(95)": 1040.5138245,
            "p(99)": 1068.56007299,
            "avg": 1019.5121089833327,
            "min": 1006.924036
        },
        "iterations": {
            "count": 300,
            "rate": 9.790011173384134
        },
        "http_req_connecting": {
            "p(95)": 0,
            "p(99)": 0.17404630999999982,
            "avg": 0.00536105,
            "min": 0,
            "med": 0,
            "max": 0.204598,
            "p(90)": 0
        },
        "http_req_failed": {
            "passes": 0,
            "fails": 300,
            "thresholds": {
                "rate<0.01": false
            },
            "value": 0
        },
        "data_sent": {
            "count": 31733,
            "rate": 1035.5547485499958
        },
        "http_req_duration": {
            "p(99)": 67.23684339999998,
            "avg": 18.51451774666667,
            "min": 5.789716,
            "med": 15.423057,
            "max": 68.245692,
            "p(90)": 30.33482220000003,
            "p(95)": 39.732606250000025,
            "thresholds": {
                "p(95)<2000": false
            }
        },
        "vus_max": {
            "min": 10,
            "max": 10,
            "value": 10
        },
        "operation_bytes": {
            "count": 520489,
            "rate": 16985.310418745114
        },
        "data_received": {
            "count": 558522,
            "rate": 18226.45540193618
        },
        "http_req_receiving": {
            "p(99)": 0.24196218999999988,
            "avg": 0.09129684,
            "min": 0.029983,
            "med": 0.0801785,
            "max": 0.325277,
            "p(90)": 0.1415874,
            "p(95)": 0.17163785
        }
    }
}