{
    "metrics": {
        "operation_duration": {
            "p(95)": 68.96639725,
            "p(99)": 157.58489137,
            "avg": 27.205669516666667,
            "min": 8.968905,
            "med": 19.866303,
            "max": 163.719986,
            "p(90)": 43.8518381
        },
        "operation_requests": {
            "count": 300,
            "rate": 9.67215088589041
        },
        "checks": {
            "passes": 600,
            "fails": 0,
            "value": 1
        },
        "data_sent": {
            "count": 34474,
            "rate": 1111.45909880062
        },
        "iteration_duration": {
            "max": 1166.891473,
            "p(90)": 1045.274358,
            "p(95)": 1070.2646456,
            "p(99)": 1160.46548458,
            "avg": 1028.5801042966668,
            "min": 1009.955946,
            "med": 1021.1252655
        },
        "http_req_duration{expected_response:true}": {
            "med": 19.866303,
            "max": 163.719986,
            "p(90)": 43.8518381,
            "p(95)": 68.96639725,
            "p(99)": 157.58489137,
            "avg": 27.205669516666667,
            "min": 8.968905
        },
        "http_req_duration": {
            "med": 19.866303,
            "max": 163.719986,
            "p(90)": 43.8518381,
            "p(95)": 68.96639725,
            "p(99)": 157.58489137,
            "avg": 27.205669516666667,
            "min": 8.968905,
            "thresholds": {
                "p(95)<2000": false
            }
        },
        "operation_success": {
            "passes": 300,
            "fails": 0,
            "thresholds": {
                "rate>0.99": false
            },
            "value": 1
        },
        "http_reqs": {
            "count": 300,
            "rate": 9.67215088589041
        },
        "vus_max": {
            "value": 10,
            "min": 10,
            "max": 10
        },
        "http_req_failed": {
            "passes": 0,
            "fails": 300,
            "thresholds": {
                "rate<0.01": false
            },
            "value": 0
        },
        "operation_bytes": {
            "count": 2675532,
            "rate": 86260.49734676047
        },
        "http_req_connecting": {
            "avg": 0.008738119999999999,
            "min": 0,
            "med": 0,
            "max": 0.49878,
            "p(90)": 0,
            "p(95)": 0,
            "p(99)": 0.31425896999999925
        },
        "vus": {
            "value": 2,
            "min": 2,
            "max": 10
        },
        "http_req_waiting": {
            "avg": 27.02088710333331,
            "min": 8.871788,
            "med": 19.6918665,
            "max": 163.54456,
            "p(90)": 43.580932700000005,
            "p(95)": 68.76934059999999,
            "p(99)": 157.30199534000002
        },
        "iterations": {
            "count": 300,
            "rate": 9.67215088589041
        },
        "http_req_tls_handshaking": {
            "p(99)": 0,
            "avg": 0,
            "min": 0,
            "med": 0,
            "max": 0,
            "p(90)": 0,
            "p(95)": 0
        },
        "data_received": {
            "count": 2713731,
            "rate": 87492.0523190609
        },
        "http_req_blocked": {
            "min": 0.005571,
            "med": 0.009211,
            "max": 0.71287,
            "p(90)": 0.014549700000000002,
            "p(95)": 0.03040590000000005,
            "p(99)": 0.5160750999999996,
            "avg": 0.024801556666666665
        },
        "http_req_sending": {
            "max": 0.186173,
            "p(90)": 0.05734550000000003,
            "p(95)": 0.07459375,
            "p(99)": 0.12900304999999995,
            "avg": 0.03757513333333334,
            "min": 0.015845,
            "med": 0.0316505
        },
        "http_req_receiving": {
            "p(99)": 0.45159551999999886,
            "avg": 0.14720728000000002,
            "min": 0.069646,
            "med": 0.13080150000000001,
            "max": 1.385106,
            "p(90)": 0.1955248,
            "p(95)": 0.23627900000000004
        }
    },
    "root_group": {
        "id": "d41d8cd98f00b204e9800998ecf8427e",
        "groups": {},
        "checks": {
                "status is 200": {
                    "name": "status is 200",
                    "path": "::status is 200",
                    "id": "6210a8cd14cd70477eba5c5e4cb3fb5f",
                    "passes": 300,
                    "fails": 0
                },
                "customer orders is an array": {
                    "name": "customer orders is an array",
                    "path": "::customer orders is an array",
                    "id": "2a5eec50bd56aa7c6b1f1542987c83ac",
                    "passes": 300,
                    "fails": 0
                }
            },
        "name": "",
        "path": ""
    }
}