{
    "root_group": {
        "name": "",
        "path": "",
        "id": "d41d8cd98f00b204e9800998ecf8427e",
        "groups": {},
        "checks": {
                "status is 200": {
                    "name": "status is 200",
                    "path": "::status is 200",
                    "id": "6210a8cd14cd70477eba5c5e4cb3fb5f",
                    "passes": 300,
                    "fails": 0
                },
                "product has id": {
                    "passes": 300,
                    "fails": 0,
                    "name": "product has id",
                    "path": "::product has id",
                    "id": "ee7b4c5731586d8b240afecd98b25817"
                },
                "product has over-fetched fields": {
                    "name": "product has over-fetched fields",
                    "path": "::product has over-fetched fields",
                    "id": "d17f81699837150d51cff629fea8f801",
                    "passes": 300,
                    "fails": 0
                }
            }
    },
    "metrics": {
        "http_req_duration": {
            "max": 27.579659,
            "p(90)": 21.793604,
            "p(95)": 23.3428886,
            "p(99)": 27.567292669999997,
            "avg": 10.453812053333326,
            "min": 2.620219,
            "med": 8.476228,
            "thresholds": {
                "p(95)<2000": false
            }
        },
        "operation_requests": {
            "count": 300,
            "rate": 9.880380939471692
        },
        "http_req_blocked": {
            "p(90)": 0.013449700000000002,
            "p(95)": 0.04374425,
            "p(99)": 0.3017901099999999,
            "avg": 0.01868338666666664,
            "min": 0.002845,
            "med": 0.007944,
            "max": 0.351073
        },
        "checks": {
            "passes": 900,
            "fails": 0,
            "value": 1
        },
        "operation_success": {
            "passes": 300,
            "fails": 0,
            "thresholds": {
                "rate>0.99": false
            },
            "value": 1
        },
        "http_req_tls_handshaking": {
            "min": 0,
            "med": 0,
            "max": 0,
            "p(90)": 0,
            "p(95)": 0,
            "p(99)": 0,
            "avg": 0
        },
        "http_req_waiting": {
            "p(90)": 21.426594800000004,
            "p(95)": 23.10870335,
            "p(99)": 27.40191108,
            "avg": 10.337955706666659,
            "min": 2.537372,
            "med": 8.3820085,
            "max": 27.464493
        },
        "data_sent": {
            "count": 32369,
            "rate": 1066.060168765864
        },
        "iterations": {
            "count": 300,
            "rate": 9.880380939471692
        },
        "vus_max": {
            "value": 10,
            "min": 10,
            "max": 10
        },
        "http_reqs": {
            "count": 300,
            "rate": 9.880380939471692
        },
        "http_req_connecting": {
            "p(90)": 0,
            "p(95)": 0,
            "p(99)": 0.18311049999999973,
            "avg": 0.005467983333333333,
            "min": 0,
            "med": 0,
            "max": 0.285575
        },
        "operation_bytes": {
            "count": 114298,
            "rate": 3764.3592687324517
        },
        "http_req_failed": {
            "passes": 0,
            "fails": 300,
            "thresholds": {
                "rate<0.01": false
            },
            "value": 0
        },
        "http_req_receiving": {
            "max": 0.416384,
            "p(90)": 0.1250144,
            "p(95)": 0.15254235,
            "p(99)": 0.2612949299999994,
            "avg": 0.08205459333333334,
            "min": 0.024914,
            "med": 0.07162299999999999
        },
        "iteration_duration": {
            "max": 1028.864528,
            "p(90)": 1022.2881084,
            "p(95)": 1024.6744212,
            "p(99)": 1028.73823224,
            "avg": 1011.3722585066662,
            "min": 1003.294073,
            "med": 1009.1764725
        },
        "http_req_sending": {
            "avg": 0.03380175333333337,
            "min": 0.007823,
            "med": 0.024768,
            "max": 0.460566,
            "p(90)": 0.04369270000000003,
            "p(95)": 0.06498365,
            "p(99)": 0.34408516999999966
        },
        "operation_duration": {
            "avg": 10.453812053333328,
            "min": 2.620219,
            "med": 8.476228,
            "max": 27.579659,
            "p(90)": 21.793604,
            "p(95)": 23.3428886,
            "p(99)": 27.567292669999997
        },
        "vus": {
            "value": 10,
            "min": 10,
            "max": 10
        },
        "data_received": {
            "count": 152098,
            "rate": 5009.287267105885
        },
        "http_req_duration{expected_response:true}": {
            "p(90)": 21.793604,
            "p(95)": 23.3428886,
            "p(99)": 27.567292669999997,
            "avg": 10.453812053333326,
            "min": 2.620219,
            "med": 8.476228,
            "max": 27.579659
        }
    }
}