{
    "root_group": {
        "groups": {},
        "checks": {
                "status is 200": {
                    "name": "status is 200",
                    "path": "::status is 200",
                    "id": "6210a8cd14cd70477eba5c5e4cb3fb5f",
                    "passes": 1500,
                    "fails": 0
                },
                "product has id": {
                    "name": "product has id",
                    "path": "::product has id",
                    "id": "ee7b4c5731586d8b240afecd98b25817",
                    "passes": 1500,
                    "fails": 0
                },
                "product has over-fetched fields": {
                    "fails": 0,
                    "name": "product has over-fetched fields",
                    "path": "::product has over-fetched fields",
                    "id": "d17f81699837150d51cff629fea8f801",
                    "passes": 1500
                }
            },
        "name": "",
        "path": "",
        "id": "d41d8cd98f00b204e9800998ecf8427e"
    },
    "metrics": {
        "http_req_duration": {
            "min": 3.740488,
            "med": 9.239330500000001,
            "max": 231.822849,
            "p(90)": 22.80704800000001,
            "p(95)": 43.544483399999976,
            "p(99)": 188.21217366999988,
            "avg": 16.72170087333332,
            "thresholds": {
                "p(95)<2000": false
            }
        },
        "http_reqs": {
            "count": 1500,
            "rate": 48.81915684937434
        },
        "checks": {
            "passes": 4500,
            "fails": 0,
            "value": 1
        },
        "data_sent": {
            "count": 161861,
            "rate": 5267.94503119772
        },
        "http_req_receiving": {
            "min": 0.025484,
            "med": 0.098813,
            "max": 0.796006,
            "p(90)": 0.15359390000000014,
            "p(95)": 0.18901274999999992,
            "p(99)": 0.30688035,
            "avg": 0.10839668066666666
        },
        "http_req_waiting": {
            "max": 231.685628,
            "p(90)": 22.546417300000027,
            "p(95)": 43.20129889999997,
            "p(99)": 187.5985544799999,
            "avg": 16.557241614666655,
            "min": 3.613065,
            "med": 9.0971135
        },
        "http_req_blocked": {
            "max": 3.044495,
            "p(90)": 0.01366700000000001,
            "p(95)": 0.033258299999999956,
            "p(99)": 1.4342476799999997,
            "avg": 0.04824529266666658,
            "min": 0.003813,
            "med": 0.0085795
        },
        "http_req_sending": {
            "max": 5.572719,
            "p(90)": 0.055387900000000094,
            "p(95)": 0.0929687499999999,
            "p(99)": 1.1005391199999999,
            "avg": 0.056062578000000036,
            "min": 0.01063,
            "med": 0.0286705
        },
        "http_req_tls_handshaking": {
            "p(90)": 0,
            "p(95)": 0,
            "p(99)": 0,
            "avg": 0,
            "min": 0,
            "med": 0,
            "max": 0
        },
        "operation_duration": {
            "p(99)": 188.21217366999988,
            "avg": 16.721700873333326,
            "min": 3.740488,
            "med": 9.239330500000001,
            "max": 231.822849,
            "p(90)": 22.80704800000001,
            "p(95)": 43.544483399999976
        },
        "iteration_duration": {
            "p(90)": 1023.7872570000001,
            "p(95)": 1045.11794035,
            "p(99)": 1190.32046191,
            "avg": 1017.8004303613345,
            "min": 1004.520876,
            "med": 1010.2576675,
            "max": 1234.024056
        },
        "http_req_connecting": {
            "p(95)": 0,
            "p(99)": 1.1841388699999995,
            "avg": 0.02971819933333332,
            "min": 0,
            "med": 0,
            "max": 2.602886,
            "p(90)": 0
        },
        "data_received": {
            "rate": 24853.18182992515,
            "count": 763630
        },
        "operation_success": {
            "passes": 1500,
            "fails": 0,
            "thresholds": {
                "rate>0.99": false
            },
            "value": 1
        },
        "iterations": {
            "count": 1500,
            "rate": 48.81915684937434
        },
        "operation_bytes": {
            "count": 574630,
            "rate": 18701.968066903984
        },
        "operation_requests": {
            "rate": 48.81915684937434,
            "count": 1500
        },
        "vus": {
            "max": 50,
            "value": 50,
            "min": 50
        },
        "vus_max": {
            "value": 50,
            "min": 50,
            "max": 50
        },
        "http_req_failed": {
            "passes": 0,
            "fails": 1500,
            "thresholds": {
                "rate<0.01": false
            },
            "value": 0
        },
        "http_req_duration{expected_response:true}": {
            "p(95)": 43.544483399999976,
            "p(99)": 188.21217366999988,
            "avg": 16.72170087333332,
            "min": 3.740488,
            "med": 9.239330500000001,
            "max": 231.822849,
            "p(90)": 22.80704800000001
        }
    }
}