{
    "metrics": {
        "vus": {
            "value": 10,
            "min": 10,
            "max": 10
        },
        "iteration_duration": {
            "med": 1021.761298,
            "max": 1103.144019,
            "p(90)": 1054.2879669,
            "p(95)": 1057.4452135499998,
            "p(99)": 1099.27840759,
            "avg": 1028.7121285333335,
            "min": 1006.537851
        },
        "http_req_waiting": {
            "med": 21.1055265,
            "max": 102.038428,
            "p(90)": 53.17671010000001,
            "p(95)": 56.9191482,
            "p(99)": 98.40069577,
            "avg": 27.650772383333344,
            "min": 6.026737
        },
        "operation_requests": {
            "count": 300,
            "rate": 9.694783236384309
        },
        "checks": {
            "passes": 300,
            "fails": 600,
            "value": 0.3333333333333333
        },
        "http_req_failed": {
            "fails": 300,
            "passes": 0,
            "thresholds": {
                "rate<0.01": false
            },
            "value": 0
        },
        "operation_duration": {
            "max": 102.128896,
            "p(90)": 53.22275710000001,
            "p(95)": 56.970616400000004,
            "p(99)": 98.46698498999999,
            "avg": 27.759813709999992,
            "min": 6.127756,
            "med": 21.1948945
        },
        "http_req_duration": {
            "p(99)": 98.46698498999999,
            "avg": 27.759813709999992,
            "min": 6.127756,
            "med": 21.1948945,
            "max": 102.128896,
            "p(90)": 53.22275710000001,
            "p(95)": 56.970616400000004,
            "thresholds": {
                "p(95)<2000": false
            }
        },
        "http_req_connecting": {
            "med": 0,
            "max": 0.292075,
            "p(90)": 0,
            "p(95)": 0,
            "p(99)": 0.17017200999999968,
            "avg": 0.005250693333333334,
            "min": 0
        },
        "http_reqs": {
            "count": 300,
            "rate": 9.694783236384309
        },
        "operation_bytes": {
            "count": 496820,
            "rate": 16055.20735833484
        },
        "http_req_blocked": {
            "med": 0.008768,
            "max": 0.505158,
            "p(90)": 0.011481500000000002,
            "p(95)": 0.022109350000000028,
            "p(99)": 0.33591059,
            "avg": 0.018260546666666676,
            "min": 0.003754
        },
        "operation_success": {
            "passes": 300,
            "fails": 0,
            "thresholds": {
                "rate>0.99": false
            },
            "value": 1
        },
        "http_req_duration{expected_response:true}": {
            "avg": 27.759813709999992,
            "min": 6.127756,
            "med": 21.1948945,
            "max": 102.128896,
            "p(90)": 53.22275710000001,
            "p(95)": 56.970616400000004,
            "p(99)": 98.46698498999999
        },
        "data_sent": {
            "count": 31734,
            "rate": 1025.5141707447322
        },
        "vus_max": {
            "value": 10,
            "min": 10,
            "max": 10
        },
        "http_req_receiving": {
            "p(95)": 0.13566400000000006,
            "p(99)": 0.1731458199999995,
            "avg": 0.0774475433333333,
            "min": 0.02352,
            "med": 0.070305,
            "max": 0.405465,
            "p(90)": 0.12050690000000001
        },
        "data_received": {
            "count": 534839,
            "rate": 17283.827237881822
        },
        "iterations": {
            "count": 300,
            "rate": 9.694783236384309
        },
        "http_req_tls_handshaking": {
            "max": 0,
            "p(90)": 0,
            "p(95)": 0,
            "p(99)": 0,
            "avg": 0,
            "min": 0,
            "med": 0
        },
        "http_req_sending": {
            "max": 0.389859,
            "p(90)": 0.038123800000000006,
            "p(95)": 0.048367300000000044,
            "p(99)": 0.13040157999999993,
            "avg": 0.031593783333333327,
            "min": 0.01141,
            "med": 0.027906
        }
    },
    "root_group": {
        "name": "",
        "path": "",
        "id": "d41d8cd98f00b204e9800998ecf8427e",
        "groups": {},
        "checks": {
                "status is 200": {
                    "id": "6210a8cd14cd70477eba5c5e4cb3fb5f",
                    "passes": 300,
                    "fails": 0,
                    "name": "status is 200",
                    "path": "::status is 200"
                },
                "customer orders is an array": {
                    "name": "customer orders is an array",
                    "path": "::customer orders is an array",
                    "id": "2a5eec50bd56aa7c6b1f1542987c83ac",
                    "passes": 0,
                    "fails": 300
                },
                "customer has at least one order": {
                    "name": "customer has at least one order",
                    "path": "::customer has at least one order",
                    "id": "ca57908d25c8cd34513cdcaf3b400b10",
                    "passes": 0,
                    "fails": 300
                }
            }
    }
}