{
    "root_group": {
        "id": "d41d8cd98f00b204e9800998ecf8427e",
        "groups": {},
        "checks": {
                "status is 200": {
                    "name": "status is 200",
                    "path": "::status is 200",
                    "id": "6210a8cd14cd70477eba5c5e4cb3fb5f",
                    "passes": 1500,
                    "fails": 0
                },
                "products is an array": {
                    "id": "b5ee112a5c7d674e27ddf70517649383",
                    "passes": 1500,
                    "fails": 0,
                    "name": "products is an array",
                    "path": "::products is an array"
                },
                "products are returned": {
                    "id": "2e79ed563e9d264b11976259f63ea025",
                    "passes": 1500,
                    "fails": 0,
                    "name": "products are returned",
                    "path": "::products are returned"
                }
            },
        "name": "",
        "path": ""
    },
    "metrics": {
        "vus": {
            "value": 2,
            "min": 2,
            "max": 50
        },
        "http_req_waiting": {
            "p(99)": 193.19082163000002,
            "avg": 22.17810734399999,
            "min": 3.392369,
            "med": 9.0597765,
            "max": 223.039247,
            "p(90)": 73.58690580000015,
            "p(95)": 99.98984554999998
        },
        "http_req_duration": {
            "avg": 22.34812005333329,
            "min": 3.511111,
            "med": 9.197762,
            "max": 223.246146,
            "p(90)": 73.66441790000016,
            "p(95)": 100.10065579999998,
            "p(99)": 193.58497699,
            "thresholds": {
                "p(95)<2000": false
            }
        },
        "operation_bytes": {
            "rate": 368883.0022285385,
            "count": 11435150
        },
        "http_req_duration{expected_response:true}": {
            "avg": 22.34812005333329,
            "min": 3.511111,
            "med": 9.197762,
            "max": 223.246146,
            "p(90)": 73.66441790000016,
            "p(95)": 100.10065579999998,
            "p(99)": 193.58497699
        },
        "http_req_receiving": {
            "max": 0.857103,
            "p(90)": 0.17895910000000004,
            "p(95)": 0.22030744999999996,
            "p(99)": 0.3570997599999998,
            "avg": 0.12929405466666674,
            "min": 0.040593,
            "med": 0.11905
        },
        "operation_duration": {
            "min": 3.511111,
            "med": 9.197762,
            "max": 223.246146,
            "p(90)": 73.66441790000016,
            "p(95)": 100.10065579999998,
            "p(99)": 193.58497699,
            "avg": 22.34812005333329
        },
        "operation_requests": {
            "count": 1500,
            "rate": 48.38804067658122
        },
        "iterations": {
            "count": 1500,
            "rate": 48.38804067658122
        },
        "checks": {
            "passes": 4500,
            "fails": 0,
            "value": 1
        },
        "vus_max": {
            "value": 50,
            "min": 50,
            "max": 50
        },
        "data_received": {
            "count": 11625650,
            "rate": 375028.2833944643
        },
        "http_req_connecting": {
            "p(95)": 0,
            "p(99)": 2.4436491699999974,
            "avg": 0.062143198,
            "min": 0,
            "med": 0,
            "max": 3.654919,
            "p(90)": 0
        },
        "http_reqs": {
            "count": 1500,
            "rate": 48.38804067658122
        },
        "http_req_tls_handshaking": {
            "med": 0,
            "max": 0,
            "p(90)": 0,
            "p(95)": 0,
            "p(99)": 0,
            "avg": 0,
            "min": 0
        },
        "http_req_sending": {
            "avg": 0.04071865466666675,
            "min": 0.01028,
            "med": 0.028467,
            "max": 0.939771,
            "p(90)": 0.051355500000000026,
            "p(95)": 0.09149949999999998,
            "p(99)": 0.32301839
        },
        "operation_success": {
            "passes": 1500,
            "fails": 0,
            "thresholds": {
                "rate>0.99": false
            },
            "value": 1
        },
        "http_req_blocked": {
            "p(99)": 2.6470684199999988,
            "avg": 0.0752165326666666,
            "min": 0.002991,
            "med": 0.008593,
            "max": 3.959469,
            "p(90)": 0.013530000000000006,
            "p(95)": 0.032578299999999914
        },
        "http_req_failed": {
            "fails": 1500,
            "passes": 0,
            "thresholds": {
                "rate<0.01": false
            },
            "value": 0
        },
        "data_sent": {
            "count": 185851,
            "rate": 5995.310498522197
        },
        "iteration_duration": {
            "avg": 1023.6814800646666,
            "min": 1004.351284,
            "med": 1010.4333515000001,
            "max": 1225.483655,
            "p(90)": 1075.5141366000003,
            "p(95)": 1103.0112812,
            "p(99)": 1197.90637075
        }
    }
}