{
    "root_group": {
        "id": "d41d8cd98f00b204e9800998ecf8427e",
        "groups": {},
        "checks": {
                "status is 200": {
                    "name": "status is 200",
                    "path": "::status is 200",
                    "id": "6210a8cd14cd70477eba5c5e4cb3fb5f",
                    "passes": 300,
                    "fails": 0
                },
                "customer orders is an array": {
                    "name": "customer orders is an array",
                    "path": "::customer orders is an array",
                    "id": "2a5eec50bd56aa7c6b1f1542987c83ac",
                    "passes": 300,
                    "fails": 0
                }
            },
        "name": "",
        "path": ""
    },
    "metrics": {
        "operation_success": {
            "passes": 300,
            "fails": 0,
            "thresholds": {
                "rate>0.99": false
            },
            "value": 1
        },
        "http_req_tls_handshaking": {
            "min": 0,
            "med": 0,
            "max": 0,
            "p(90)": 0,
            "p(95)": 0,
            "p(99)": 0,
            "avg": 0
        },
        "http_req_sending": {
            "p(95)": 0.06089275000000002,
            "p(99)": 0.22767872999999952,
            "avg": 0.032120276666666676,
            "min": 0.00741,
            "med": 0.0240605,
            "max": 0.36542,
            "p(90)": 0.04603040000000001
        },
        "operation_duration": {
            "min": 6.609075,
            "med": 17.383294499999998,
            "max": 91.166998,
            "p(90)": 39.163112400000024,
            "p(95)": 56.583053700000015,
            "p(99)": 88.90642393999998,
            "avg": 22.949730213333346
        },
        "iteration_duration": {
            "avg": 1024.0721769866668,
            "min": 1007.483752,
            "med": 1018.5687395,
            "max": 1092.552755,
            "p(90)": 1040.4400268,
            "p(95)": 1057.4783282,
            "p(99)": 1090.25242733
        },
        "http_req_blocked": {
            "max": 0.405875,
            "p(90)": 0.012226700000000002,
            "p(95)": 0.028771000000000033,
            "p(99)": 0.3008471299999998,
            "avg": 0.017116930000000016,
            "min": 0.002717,
            "med": 0.006978
        },
        "http_reqs": {
            "count": 300,
            "rate": 9.737091662412654
        },
        "operation_requests": {
            "count": 300,
            "rate": 9.737091662412654
        },
        "http_req_duration": {
            "max": 91.166998,
            "p(90)": 39.163112400000024,
            "p(95)": 56.583053700000015,
            "p(99)": 88.90642393999998,
            "avg": 22.949730213333346,
            "min": 6.609075,
            "med": 17.383294499999998,
            "thresholds": {
                "p(95)<2000": false
            }
        },
        "http_req_failed": {
            "passes": 0,
            "fails": 300,
            "thresholds": {
                "rate<0.01": false
            },
            "value": 0
        },
        "vus": {
            "value": 10,
            "min": 10,
            "max": 10
        },
        "http_req_connecting": {
            "avg": 0.005037186666666667,
            "min": 0,
            "med": 0,
            "max": 0.232439,
            "p(90)": 0,
            "p(95)": 0,
            "p(99)": 0.18088916999999977
        },
        "data_received": {
            "count": 2717822,
            "rate": 88212.27312040562
        },
        "vus_max": {
            "value": 10,
            "min": 10,
            "max": 10
        },
        "operation_bytes": {
            "count": 2679620,
            "rate": 86972.351868114
        },
        "data_sent": {
            "count": 34475,
            "rate": 1118.9541168722542
        },
        "http_req_duration{expected_response:true}": {
            "p(90)": 39.163112400000024,
            "p(95)": 56.583053700000015,
            "p(99)": 88.90642393999998,
            "avg": 22.949730213333346,
            "min": 6.609075,
            "med": 17.383294499999998,
            "max": 91.166998
        },
        "http_req_waiting": {
            "min": 6.500913,
            "med": 17.248323,
            "max": 90.965024,
            "p(90)": 39.084579500000025,
            "p(95)": 56.449404600000015,
            "p(99)": 88.74692268999998,
            "avg": 22.807907433333334
        },
        "checks": {
            "passes": 600,
            "fails": 0,
            "value": 1
        },
        "iterations": {
            "count": 300,
            "rate": 9.737091662412654
        },
        "http_req_receiving": {
            "max": 0.452679,
            "p(90)": 0.15945990000000018,
            "p(95)": 0.22187685000000007,
            "p(99)": 0.3130120899999999,
            "avg": 0.10970250333333335,
            "min": 0.033724,
            "med": 0.09666050000000001
        }
    }
}